Source,Date,Mean,year,month,day,highlight
GISTEMP,2016-12-06,0.81,2016,12,6,2016
GISTEMP,2016-11-06,0.93,2016,11,6,2016
GISTEMP,2016-10-06,0.89,2016,10,6,2016
GISTEMP,2016-09-06,0.87,2016,9,6,2016
GISTEMP,2016-08-06,0.98,2016,8,6,2016
GISTEMP,2016-07-06,0.83,2016,7,6,2016
GISTEMP,2016-06-06,0.76,2016,6,6,2016
GISTEMP,2016-05-06,0.93,2016,5,6,2016
GISTEMP,2016-04-06,1.09,2016,4,6,2016
GISTEMP,2016-03-06,1.3,2016,3,6,2016
GISTEMP,2016-02-06,1.35,2016,2,6,2016
GISTEMP,2016-01-06,1.17,2016,1,6,2016
GISTEMP,2015-12-06,1.11,2015,12,6,Other
GISTEMP,2015-11-06,1.04,2015,11,6,Other
GISTEMP,2015-10-06,1.06,2015,10,6,Other
GISTEMP,2015-09-06,0.81,2015,9,6,Other
GISTEMP,2015-08-06,0.78,2015,8,6,Other
GISTEMP,2015-07-06,0.71,2015,7,6,Other
GISTEMP,2015-06-06,0.78,2015,6,6,Other
GISTEMP,2015-05-06,0.78,2015,5,6,Other
GISTEMP,2015-04-06,0.74,2015,4,6,Other
GISTEMP,2015-03-06,0.9,2015,3,6,Other
GISTEMP,2015-02-06,0.86,2015,2,6,Other
GISTEMP,2015-01-06,0.81,2015,1,6,Other
GISTEMP,2014-12-06,0.79,2014,12,6,Other
GISTEMP,2014-11-06,0.67,2014,11,6,Other
GISTEMP,2014-10-06,0.85,2014,10,6,Other
GISTEMP,2014-09-06,0.9,2014,9,6,Other
GISTEMP,2014-08-06,0.82,2014,8,6,Other
GISTEMP,2014-07-06,0.57,2014,7,6,Other
GISTEMP,2014-06-06,0.66,2014,6,6,Other
GISTEMP,2014-05-06,0.87,2014,5,6,Other
GISTEMP,2014-04-06,0.78,2014,4,6,Other
GISTEMP,2014-03-06,0.77,2014,3,6,Other
GISTEMP,2014-02-06,0.51,2014,2,6,Other
GISTEMP,2014-01-06,0.73,2014,1,6,Other
GISTEMP,2013-12-06,0.67,2013,12,6,Other
GISTEMP,2013-11-06,0.81,2013,11,6,Other
GISTEMP,2013-10-06,0.69,2013,10,6,Other
GISTEMP,2013-09-06,0.78,2013,9,6,Other
GISTEMP,2013-08-06,0.66,2013,8,6,Other
GISTEMP,2013-07-06,0.59,2013,7,6,Other
GISTEMP,2013-06-06,0.65,2013,6,6,Other
GISTEMP,2013-05-06,0.61,2013,5,6,Other
GISTEMP,2013-04-06,0.52,2013,4,6,Other
GISTEMP,2013-03-06,0.66,2013,3,6,Other
GISTEMP,2013-02-06,0.55,2013,2,6,Other
GISTEMP,2013-01-06,0.68,2013,1,6,Other
GISTEMP,2012-12-06,0.53,2012,12,6,Other
GISTEMP,2012-11-06,0.75,2012,11,6,Other
GISTEMP,2012-10-06,0.78,2012,10,6,Other
GISTEMP,2012-09-06,0.76,2012,9,6,Other
GISTEMP,2012-08-06,0.63,2012,8,6,Other
GISTEMP,2012-07-06,0.57,2012,7,6,Other
GISTEMP,2012-06-06,0.62,2012,6,6,Other
GISTEMP,2012-05-06,0.76,2012,5,6,Other
GISTEMP,2012-04-06,0.69,2012,4,6,Other
GISTEMP,2012-03-06,0.58,2012,3,6,Other
GISTEMP,2012-02-06,0.49,2012,2,6,Other
GISTEMP,2012-01-06,0.46,2012,1,6,Other
GISTEMP,2011-12-06,0.54,2011,12,6,Other
GISTEMP,2011-11-06,0.56,2011,11,6,Other
GISTEMP,2011-10-06,0.66,2011,10,6,Other
GISTEMP,2011-09-06,0.56,2011,9,6,Other
GISTEMP,2011-08-06,0.73,2011,8,6,Other
GISTEMP,2011-07-06,0.73,2011,7,6,Other
GISTEMP,2011-06-06,0.59,2011,6,6,Other
GISTEMP,2011-05-06,0.53,2011,5,6,Other
GISTEMP,2011-04-06,0.65,2011,4,6,Other
GISTEMP,2011-03-06,0.64,2011,3,6,Other
GISTEMP,2011-02-06,0.53,2011,2,6,Other
GISTEMP,2011-01-06,0.51,2011,1,6,Other
GISTEMP,2010-12-06,0.49,2010,12,6,Other
GISTEMP,2010-11-06,0.79,2010,11,6,Other
GISTEMP,2010-10-06,0.71,2010,10,6,Other
GISTEMP,2010-09-06,0.61,2010,9,6,Other
GISTEMP,2010-08-06,0.65,2010,8,6,Other
GISTEMP,2010-07-06,0.62,2010,7,6,Other
GISTEMP,2010-06-06,0.64,2010,6,6,Other
GISTEMP,2010-05-06,0.75,2010,5,6,Other
GISTEMP,2010-04-06,0.87,2010,4,6,Other
GISTEMP,2010-03-06,0.92,2010,3,6,Other
GISTEMP,2010-02-06,0.78,2010,2,6,Other
GISTEMP,2010-01-06,0.73,2010,1,6,Other
GISTEMP,2009-12-06,0.65,2009,12,6,Other
GISTEMP,2009-11-06,0.77,2009,11,6,Other
GISTEMP,2009-10-06,0.64,2009,10,6,Other
GISTEMP,2009-09-06,0.7,2009,9,6,Other
GISTEMP,2009-08-06,0.66,2009,8,6,Other
GISTEMP,2009-07-06,0.72,2009,7,6,Other
GISTEMP,2009-06-06,0.65,2009,6,6,Other
GISTEMP,2009-05-06,0.65,2009,5,6,Other
GISTEMP,2009-04-06,0.61,2009,4,6,Other
GISTEMP,2009-03-06,0.53,2009,3,6,Other
GISTEMP,2009-02-06,0.53,2009,2,6,Other
GISTEMP,2009-01-06,0.62,2009,1,6,Other
GISTEMP,2008-12-06,0.54,2008,12,6,Other
GISTEMP,2008-11-06,0.66,2008,11,6,Other
GISTEMP,2008-10-06,0.67,2008,10,6,Other
GISTEMP,2008-09-06,0.65,2008,9,6,Other
GISTEMP,2008-08-06,0.44,2008,8,6,Other
GISTEMP,2008-07-06,0.6,2008,7,6,Other
GISTEMP,2008-06-06,0.48,2008,6,6,Other
GISTEMP,2008-05-06,0.51,2008,5,6,Other
GISTEMP,2008-04-06,0.53,2008,4,6,Other
GISTEMP,2008-03-06,0.73,2008,3,6,Other
GISTEMP,2008-02-06,0.36,2008,2,6,Other
GISTEMP,2008-01-06,0.24,2008,1,6,Other
GISTEMP,2007-12-06,0.5,2007,12,6,Other
GISTEMP,2007-11-06,0.57,2007,11,6,Other
GISTEMP,2007-10-06,0.6,2007,10,6,Other
GISTEMP,2007-09-06,0.64,2007,9,6,Other
GISTEMP,2007-08-06,0.6,2007,8,6,Other
GISTEMP,2007-07-06,0.62,2007,7,6,Other
GISTEMP,2007-06-06,0.58,2007,6,6,Other
GISTEMP,2007-05-06,0.67,2007,5,6,Other
GISTEMP,2007-04-06,0.76,2007,4,6,Other
GISTEMP,2007-03-06,0.7,2007,3,6,Other
GISTEMP,2007-02-06,0.7,2007,2,6,Other
GISTEMP,2007-01-06,0.96,2007,1,6,Other
GISTEMP,2006-12-06,0.77,2006,12,6,Other
GISTEMP,2006-11-06,0.72,2006,11,6,Other
GISTEMP,2006-10-06,0.69,2006,10,6,Other
GISTEMP,2006-09-06,0.64,2006,9,6,Other
GISTEMP,2006-08-06,0.72,2006,8,6,Other
GISTEMP,2006-07-06,0.54,2006,7,6,Other
GISTEMP,2006-06-06,0.64,2006,6,6,Other
GISTEMP,2006-05-06,0.47,2006,5,6,Other
GISTEMP,2006-04-06,0.5,2006,4,6,Other
GISTEMP,2006-03-06,0.63,2006,3,6,Other
GISTEMP,2006-02-06,0.7,2006,2,6,Other
GISTEMP,2006-01-06,0.57,2006,1,6,Other
GISTEMP,2005-12-06,0.68,2005,12,6,Other
GISTEMP,2005-11-06,0.76,2005,11,6,Other
GISTEMP,2005-10-06,0.8,2005,10,6,Other
GISTEMP,2005-09-06,0.78,2005,9,6,Other
GISTEMP,2005-08-06,0.63,2005,8,6,Other
GISTEMP,2005-07-06,0.66,2005,7,6,Other
GISTEMP,2005-06-06,0.67,2005,6,6,Other
GISTEMP,2005-05-06,0.65,2005,5,6,Other
GISTEMP,2005-04-06,0.69,2005,4,6,Other
GISTEMP,2005-03-06,0.69,2005,3,6,Other
GISTEMP,2005-02-06,0.58,2005,2,6,Other
GISTEMP,2005-01-06,0.72,2005,1,6,Other
GISTEMP,2004-12-06,0.52,2004,12,6,Other
GISTEMP,2004-11-06,0.72,2004,11,6,Other
GISTEMP,2004-10-06,0.66,2004,10,6,Other
GISTEMP,2004-09-06,0.53,2004,9,6,Other
GISTEMP,2004-08-06,0.45,2004,8,6,Other
GISTEMP,2004-07-06,0.26,2004,7,6,Other
GISTEMP,2004-06-06,0.43,2004,6,6,Other
GISTEMP,2004-05-06,0.42,2004,5,6,Other
GISTEMP,2004-04-06,0.62,2004,4,6,Other
GISTEMP,2004-03-06,0.64,2004,3,6,Other
GISTEMP,2004-02-06,0.71,2004,2,6,Other
GISTEMP,2004-01-06,0.59,2004,1,6,Other
GISTEMP,2003-12-06,0.75,2003,12,6,Other
GISTEMP,2003-11-06,0.55,2003,11,6,Other
GISTEMP,2003-10-06,0.75,2003,10,6,Other
GISTEMP,2003-09-06,0.66,2003,9,6,Other
GISTEMP,2003-08-06,0.66,2003,8,6,Other
GISTEMP,2003-07-06,0.55,2003,7,6,Other
GISTEMP,2003-06-06,0.49,2003,6,6,Other
GISTEMP,2003-05-06,0.62,2003,5,6,Other
GISTEMP,2003-04-06,0.55,2003,4,6,Other
GISTEMP,2003-03-06,0.57,2003,3,6,Other
GISTEMP,2003-02-06,0.55,2003,2,6,Other
GISTEMP,2003-01-06,0.73,2003,1,6,Other
GISTEMP,2002-12-06,0.43,2002,12,6,Other
GISTEMP,2002-11-06,0.59,2002,11,6,Other
GISTEMP,2002-10-06,0.57,2002,10,6,Other
GISTEMP,2002-09-06,0.65,2002,9,6,Other
GISTEMP,2002-08-06,0.55,2002,8,6,Other
GISTEMP,2002-07-06,0.62,2002,7,6,Other
GISTEMP,2002-06-06,0.54,2002,6,6,Other
GISTEMP,2002-05-06,0.65,2002,5,6,Other
GISTEMP,2002-04-06,0.58,2002,4,6,Other
GISTEMP,2002-03-06,0.91,2002,3,6,Other
GISTEMP,2002-02-06,0.76,2002,2,6,Other
GISTEMP,2002-01-06,0.75,2002,1,6,Other
GISTEMP,2001-12-06,0.55,2001,12,6,Other
GISTEMP,2001-11-06,0.7,2001,11,6,Other
GISTEMP,2001-10-06,0.52,2001,10,6,Other
GISTEMP,2001-09-06,0.56,2001,9,6,Other
GISTEMP,2001-08-06,0.49,2001,8,6,Other
GISTEMP,2001-07-06,0.61,2001,7,6,Other
GISTEMP,2001-06-06,0.55,2001,6,6,Other
GISTEMP,2001-05-06,0.59,2001,5,6,Other
GISTEMP,2001-04-06,0.52,2001,4,6,Other
GISTEMP,2001-03-06,0.58,2001,3,6,Other
GISTEMP,2001-02-06,0.46,2001,2,6,Other
GISTEMP,2001-01-06,0.44,2001,1,6,Other
GISTEMP,2000-12-06,0.3,2000,12,6,Other
GISTEMP,2000-11-06,0.34,2000,11,6,Other
GISTEMP,2000-10-06,0.3,2000,10,6,Other
GISTEMP,2000-09-06,0.42,2000,9,6,Other
GISTEMP,2000-08-06,0.43,2000,8,6,Other
GISTEMP,2000-07-06,0.42,2000,7,6,Other
GISTEMP,2000-06-06,0.44,2000,6,6,Other
GISTEMP,2000-05-06,0.4,2000,5,6,Other
GISTEMP,2000-04-06,0.59,2000,4,6,Other
GISTEMP,2000-03-06,0.6,2000,3,6,Other
GISTEMP,2000-02-06,0.58,2000,2,6,Other
GISTEMP,2000-01-06,0.26,2000,1,6,Other
GISTEMP,1999-12-06,0.46,1999,12,6,Other
GISTEMP,1999-11-06,0.42,1999,11,6,Other
GISTEMP,1999-10-06,0.43,1999,10,6,Other
GISTEMP,1999-09-06,0.43,1999,9,6,Other
GISTEMP,1999-08-06,0.34,1999,8,6,Other
GISTEMP,1999-07-06,0.41,1999,7,6,Other
GISTEMP,1999-06-06,0.37,1999,6,6,Other
GISTEMP,1999-05-06,0.33,1999,5,6,Other
GISTEMP,1999-04-06,0.34,1999,4,6,Other
GISTEMP,1999-03-06,0.34,1999,3,6,Other
GISTEMP,1999-02-06,0.66,1999,2,6,Other
GISTEMP,1999-01-06,0.48,1999,1,6,Other
GISTEMP,1998-12-06,0.56,1998,12,6,Other
GISTEMP,1998-11-06,0.5,1998,11,6,Other
GISTEMP,1998-10-06,0.47,1998,10,6,Other
GISTEMP,1998-09-06,0.45,1998,9,6,Other
GISTEMP,1998-08-06,0.68,1998,8,6,Other
GISTEMP,1998-07-06,0.71,1998,7,6,Other
GISTEMP,1998-06-06,0.78,1998,6,6,Other
GISTEMP,1998-05-06,0.71,1998,5,6,Other
GISTEMP,1998-04-06,0.64,1998,4,6,Other
GISTEMP,1998-03-06,0.63,1998,3,6,Other
GISTEMP,1998-02-06,0.9,1998,2,6,Other
GISTEMP,1998-01-06,0.61,1998,1,6,Other
GISTEMP,1997-12-06,0.6,1997,12,6,Other
GISTEMP,1997-11-06,0.66,1997,11,6,Other
GISTEMP,1997-10-06,0.64,1997,10,6,Other
GISTEMP,1997-09-06,0.56,1997,9,6,Other
GISTEMP,1997-08-06,0.43,1997,8,6,Other
GISTEMP,1997-07-06,0.35,1997,7,6,Other
GISTEMP,1997-06-06,0.55,1997,6,6,Other
GISTEMP,1997-05-06,0.39,1997,5,6,Other
GISTEMP,1997-04-06,0.38,1997,4,6,Other
GISTEMP,1997-03-06,0.52,1997,3,6,Other
GISTEMP,1997-02-06,0.37,1997,2,6,Other
GISTEMP,1997-01-06,0.33,1997,1,6,Other
GISTEMP,1996-12-06,0.41,1996,12,6,Other
GISTEMP,1996-11-06,0.42,1996,11,6,Other
GISTEMP,1996-10-06,0.2,1996,10,6,Other
GISTEMP,1996-09-06,0.27,1996,9,6,Other
GISTEMP,1996-08-06,0.49,1996,8,6,Other
GISTEMP,1996-07-06,0.37,1996,7,6,Other
GISTEMP,1996-06-06,0.27,1996,6,6,Other
GISTEMP,1996-05-06,0.3,1996,5,6,Other
GISTEMP,1996-04-06,0.38,1996,4,6,Other
GISTEMP,1996-03-06,0.34,1996,3,6,Other
GISTEMP,1996-02-06,0.5,1996,2,6,Other
GISTEMP,1996-01-06,0.27,1996,1,6,Other
GISTEMP,1995-12-06,0.3,1995,12,6,Other
GISTEMP,1995-11-06,0.45,1995,11,6,Other
GISTEMP,1995-10-06,0.49,1995,10,6,Other
GISTEMP,1995-09-06,0.34,1995,9,6,Other
GISTEMP,1995-08-06,0.48,1995,8,6,Other
GISTEMP,1995-07-06,0.49,1995,7,6,Other
GISTEMP,1995-06-06,0.45,1995,6,6,Other
GISTEMP,1995-05-06,0.29,1995,5,6,Other
GISTEMP,1995-04-06,0.47,1995,4,6,Other
GISTEMP,1995-03-06,0.45,1995,3,6,Other
GISTEMP,1995-02-06,0.77,1995,2,6,Other
GISTEMP,1995-01-06,0.5,1995,1,6,Other
GISTEMP,1994-12-06,0.36,1994,12,6,Other
GISTEMP,1994-11-06,0.46,1994,11,6,Other
GISTEMP,1994-10-06,0.42,1994,10,6,Other
GISTEMP,1994-09-06,0.32,1994,9,6,Other
GISTEMP,1994-08-06,0.23,1994,8,6,Other
GISTEMP,1994-07-06,0.32,1994,7,6,Other
GISTEMP,1994-06-06,0.42,1994,6,6,Other
GISTEMP,1994-05-06,0.29,1994,5,6,Other
GISTEMP,1994-04-06,0.41,1994,4,6,Other
GISTEMP,1994-03-06,0.26,1994,3,6,Other
GISTEMP,1994-02-06,0.04,1994,2,6,Other
GISTEMP,1994-01-06,0.3,1994,1,6,Other
GISTEMP,1993-12-06,0.19,1993,12,6,Other
GISTEMP,1993-11-06,0.07,1993,11,6,Other
GISTEMP,1993-10-06,0.24,1993,10,6,Other
GISTEMP,1993-09-06,0.11,1993,9,6,Other
GISTEMP,1993-08-06,0.13,1993,8,6,Other
GISTEMP,1993-07-06,0.28,1993,7,6,Other
GISTEMP,1993-06-06,0.24,1993,6,6,Other
GISTEMP,1993-05-06,0.26,1993,5,6,Other
GISTEMP,1993-04-06,0.28,1993,4,6,Other
GISTEMP,1993-03-06,0.36,1993,3,6,Other
GISTEMP,1993-02-06,0.39,1993,2,6,Other
GISTEMP,1993-01-06,0.37,1993,1,6,Other
GISTEMP,1992-12-06,0.22,1992,12,6,Other
GISTEMP,1992-11-06,0.04,1992,11,6,Other
GISTEMP,1992-10-06,0.11,1992,10,6,Other
GISTEMP,1992-09-06,0.01,1992,9,6,Other
GISTEMP,1992-08-06,0.1,1992,8,6,Other
GISTEMP,1992-07-06,0.13,1992,7,6,Other
GISTEMP,1992-06-06,0.24,1992,6,6,Other
GISTEMP,1992-05-06,0.32,1992,5,6,Other
GISTEMP,1992-04-06,0.24,1992,4,6,Other
GISTEMP,1992-03-06,0.47,1992,3,6,Other
GISTEMP,1992-02-06,0.42,1992,2,6,Other
GISTEMP,1992-01-06,0.45,1992,1,6,Other
GISTEMP,1991-12-06,0.33,1991,12,6,Other
GISTEMP,1991-11-06,0.31,1991,11,6,Other
GISTEMP,1991-10-06,0.32,1991,10,6,Other
GISTEMP,1991-09-06,0.5,1991,9,6,Other
GISTEMP,1991-08-06,0.42,1991,8,6,Other
GISTEMP,1991-07-06,0.51,1991,7,6,Other
GISTEMP,1991-06-06,0.54,1991,6,6,Other
GISTEMP,1991-05-06,0.39,1991,5,6,Other
GISTEMP,1991-04-06,0.53,1991,4,6,Other
GISTEMP,1991-03-06,0.36,1991,3,6,Other
GISTEMP,1991-02-06,0.51,1991,2,6,Other
GISTEMP,1991-01-06,0.42,1991,1,6,Other
GISTEMP,1990-12-06,0.42,1990,12,6,Other
GISTEMP,1990-11-06,0.46,1990,11,6,Other
GISTEMP,1990-10-06,0.43,1990,10,6,Other
GISTEMP,1990-09-06,0.3,1990,9,6,Other
GISTEMP,1990-08-06,0.3,1990,8,6,Other
GISTEMP,1990-07-06,0.44,1990,7,6,Other
GISTEMP,1990-06-06,0.38,1990,6,6,Other
GISTEMP,1990-05-06,0.46,1990,5,6,Other
GISTEMP,1990-04-06,0.55,1990,4,6,Other
GISTEMP,1990-03-06,0.76,1990,3,6,Other
GISTEMP,1990-02-06,0.41,1990,2,6,Other
GISTEMP,1990-01-06,0.41,1990,1,6,Other
GISTEMP,1989-12-06,0.37,1989,12,6,Other
GISTEMP,1989-11-06,0.21,1989,11,6,Other
GISTEMP,1989-10-06,0.32,1989,10,6,Other
GISTEMP,1989-09-06,0.37,1989,9,6,Other
GISTEMP,1989-08-06,0.36,1989,8,6,Other
GISTEMP,1989-07-06,0.34,1989,7,6,Other
GISTEMP,1989-06-06,0.15,1989,6,6,Other
GISTEMP,1989-05-06,0.17,1989,5,6,Other
GISTEMP,1989-04-06,0.33,1989,4,6,Other
GISTEMP,1989-03-06,0.36,1989,3,6,Other
GISTEMP,1989-02-06,0.35,1989,2,6,Other
GISTEMP,1989-01-06,0.16,1989,1,6,Other
GISTEMP,1988-12-06,0.34,1988,12,6,Other
GISTEMP,1988-11-06,0.13,1988,11,6,Other
GISTEMP,1988-10-06,0.4,1988,10,6,Other
GISTEMP,1988-09-06,0.42,1988,9,6,Other
GISTEMP,1988-08-06,0.46,1988,8,6,Other
GISTEMP,1988-07-06,0.35,1988,7,6,Other
GISTEMP,1988-06-06,0.42,1988,6,6,Other
GISTEMP,1988-05-06,0.44,1988,5,6,Other
GISTEMP,1988-04-06,0.45,1988,4,6,Other
GISTEMP,1988-03-06,0.49,1988,3,6,Other
GISTEMP,1988-02-06,0.42,1988,2,6,Other
GISTEMP,1988-01-06,0.57,1988,1,6,Other
GISTEMP,1987-12-06,0.47,1987,12,6,Other
GISTEMP,1987-11-06,0.25,1987,11,6,Other
GISTEMP,1987-10-06,0.32,1987,10,6,Other
GISTEMP,1987-09-06,0.39,1987,9,6,Other
GISTEMP,1987-08-06,0.28,1987,8,6,Other
GISTEMP,1987-07-06,0.46,1987,7,6,Other
GISTEMP,1987-06-06,0.36,1987,6,6,Other
GISTEMP,1987-05-06,0.26,1987,5,6,Other
GISTEMP,1987-04-06,0.24,1987,4,6,Other
GISTEMP,1987-03-06,0.17,1987,3,6,Other
GISTEMP,1987-02-06,0.46,1987,2,6,Other
GISTEMP,1987-01-06,0.36,1987,1,6,Other
GISTEMP,1986-12-06,0.16,1986,12,6,Other
GISTEMP,1986-11-06,0.11,1986,11,6,Other
GISTEMP,1986-10-06,0.14,1986,10,6,Other
GISTEMP,1986-09-06,0.02,1986,9,6,Other
GISTEMP,1986-08-06,0.12,1986,8,6,Other
GISTEMP,1986-07-06,0.13,1986,7,6,Other
GISTEMP,1986-06-06,0.12,1986,6,6,Other
GISTEMP,1986-05-06,0.26,1986,5,6,Other
GISTEMP,1986-04-06,0.26,1986,4,6,Other
GISTEMP,1986-03-06,0.29,1986,3,6,Other
GISTEMP,1986-02-06,0.39,1986,2,6,Other
GISTEMP,1986-01-06,0.3,1986,1,6,Other
GISTEMP,1985-12-06,0.15,1985,12,6,Other
GISTEMP,1985-11-06,0.09,1985,11,6,Other
GISTEMP,1985-10-06,0.11,1985,10,6,Other
GISTEMP,1985-09-06,0.14,1985,9,6,Other
GISTEMP,1985-08-06,0.15,1985,8,6,Other
GISTEMP,1985-07-06,0,1985,7,6,Other
GISTEMP,1985-06-06,0.17,1985,6,6,Other
GISTEMP,1985-05-06,0.17,1985,5,6,Other
GISTEMP,1985-04-06,0.11,1985,4,6,Other
GISTEMP,1985-03-06,0.17,1985,3,6,Other
GISTEMP,1985-02-06,-0.06,1985,2,6,Other
GISTEMP,1985-01-06,0.21,1985,1,6,Other
GISTEMP,1984-12-06,-0.06,1984,12,6,Other
GISTEMP,1984-11-06,0.04,1984,11,6,Other
GISTEMP,1984-10-06,0.15,1984,10,6,Other
GISTEMP,1984-09-06,0.2,1984,9,6,Other
GISTEMP,1984-08-06,0.15,1984,8,6,Other
GISTEMP,1984-07-06,0.16,1984,7,6,Other
GISTEMP,1984-06-06,0.04,1984,6,6,Other
GISTEMP,1984-05-06,0.33,1984,5,6,Other
GISTEMP,1984-04-06,0.08,1984,4,6,Other
GISTEMP,1984-03-06,0.29,1984,3,6,Other
GISTEMP,1984-02-06,0.17,1984,2,6,Other
GISTEMP,1984-01-06,0.3,1984,1,6,Other
GISTEMP,1983-12-06,0.17,1983,12,6,Other
GISTEMP,1983-11-06,0.3,1983,11,6,Other
GISTEMP,1983-10-06,0.15,1983,10,6,Other
GISTEMP,1983-09-06,0.38,1983,9,6,Other
GISTEMP,1983-08-06,0.3,1983,8,6,Other
GISTEMP,1983-07-06,0.15,1983,7,6,Other
GISTEMP,1983-06-06,0.18,1983,6,6,Other
GISTEMP,1983-05-06,0.35,1983,5,6,Other
GISTEMP,1983-04-06,0.3,1983,4,6,Other
GISTEMP,1983-03-06,0.42,1983,3,6,Other
GISTEMP,1983-02-06,0.4,1983,2,6,Other
GISTEMP,1983-01-06,0.52,1983,1,6,Other
GISTEMP,1982-12-06,0.43,1982,12,6,Other
GISTEMP,1982-11-06,0.14,1982,11,6,Other
GISTEMP,1982-10-06,0.13,1982,10,6,Other
GISTEMP,1982-09-06,0.15,1982,9,6,Other
GISTEMP,1982-08-06,0.08,1982,8,6,Other
GISTEMP,1982-07-06,0.13,1982,7,6,Other
GISTEMP,1982-06-06,0.05,1982,6,6,Other
GISTEMP,1982-05-06,0.16,1982,5,6,Other
GISTEMP,1982-04-06,0.1,1982,4,6,Other
GISTEMP,1982-03-06,-0.01,1982,3,6,Other
GISTEMP,1982-02-06,0.14,1982,2,6,Other
GISTEMP,1982-01-06,0.09,1982,1,6,Other
GISTEMP,1981-12-06,0.4,1981,12,6,Other
GISTEMP,1981-11-06,0.21,1981,11,6,Other
GISTEMP,1981-10-06,0.13,1981,10,6,Other
GISTEMP,1981-09-06,0.17,1981,9,6,Other
GISTEMP,1981-08-06,0.35,1981,8,6,Other
GISTEMP,1981-07-06,0.35,1981,7,6,Other
GISTEMP,1981-06-06,0.31,1981,6,6,Other
GISTEMP,1981-05-06,0.25,1981,5,6,Other
GISTEMP,1981-04-06,0.32,1981,4,6,Other
GISTEMP,1981-03-06,0.48,1981,3,6,Other
GISTEMP,1981-02-06,0.41,1981,2,6,Other
GISTEMP,1981-01-06,0.56,1981,1,6,Other
GISTEMP,1980-12-06,0.21,1980,12,6,Other
GISTEMP,1980-11-06,0.3,1980,11,6,Other
GISTEMP,1980-10-06,0.2,1980,10,6,Other
GISTEMP,1980-09-06,0.21,1980,9,6,Other
GISTEMP,1980-08-06,0.24,1980,8,6,Other
GISTEMP,1980-07-06,0.28,1980,7,6,Other
GISTEMP,1980-06-06,0.16,1980,6,6,Other
GISTEMP,1980-05-06,0.34,1980,5,6,Other
GISTEMP,1980-04-06,0.32,1980,4,6,Other
GISTEMP,1980-03-06,0.29,1980,3,6,Other
GISTEMP,1980-02-06,0.42,1980,2,6,Other
GISTEMP,1980-01-06,0.3,1980,1,6,Other
GISTEMP,1979-12-06,0.47,1979,12,6,Other
GISTEMP,1979-11-06,0.29,1979,11,6,Other
GISTEMP,1979-10-06,0.26,1979,10,6,Other
GISTEMP,1979-09-06,0.27,1979,9,6,Other
GISTEMP,1979-08-06,0.14,1979,8,6,Other
GISTEMP,1979-07-06,0.03,1979,7,6,Other
GISTEMP,1979-06-06,0.14,1979,6,6,Other
GISTEMP,1979-05-06,0.06,1979,5,6,Other
GISTEMP,1979-04-06,0.13,1979,4,6,Other
GISTEMP,1979-03-06,0.19,1979,3,6,Other
GISTEMP,1979-02-06,-0.09,1979,2,6,Other
GISTEMP,1979-01-06,0.14,1979,1,6,Other
GISTEMP,1978-12-06,0.11,1978,12,6,Other
GISTEMP,1978-11-06,0.16,1978,11,6,Other
GISTEMP,1978-10-06,0,1978,10,6,Other
GISTEMP,1978-09-06,0.05,1978,9,6,Other
GISTEMP,1978-08-06,-0.18,1978,8,6,Other
GISTEMP,1978-07-06,0.07,1978,7,6,Other
GISTEMP,1978-06-06,-0.03,1978,6,6,Other
GISTEMP,1978-05-06,0.07,1978,5,6,Other
GISTEMP,1978-04-06,0.15,1978,4,6,Other
GISTEMP,1978-03-06,0.21,1978,3,6,Other
GISTEMP,1978-02-06,0.14,1978,2,6,Other
GISTEMP,1978-01-06,0.08,1978,1,6,Other
GISTEMP,1977-12-06,0.05,1977,12,6,Other
GISTEMP,1977-11-06,0.2,1977,11,6,Other
GISTEMP,1977-10-06,0.04,1977,10,6,Other
GISTEMP,1977-09-06,0.02,1977,9,6,Other
GISTEMP,1977-08-06,0.19,1977,8,6,Other
GISTEMP,1977-07-06,0.23,1977,7,6,Other
GISTEMP,1977-06-06,0.25,1977,6,6,Other
GISTEMP,1977-05-06,0.3,1977,5,6,Other
GISTEMP,1977-04-06,0.27,1977,4,6,Other
GISTEMP,1977-03-06,0.25,1977,3,6,Other
GISTEMP,1977-02-06,0.2,1977,2,6,Other
GISTEMP,1977-01-06,0.18,1977,1,6,Other
GISTEMP,1976-12-06,0.09,1976,12,6,Other
GISTEMP,1976-11-06,-0.06,1976,11,6,Other
GISTEMP,1976-10-06,-0.26,1976,10,6,Other
GISTEMP,1976-09-06,-0.09,1976,9,6,Other
GISTEMP,1976-08-06,-0.18,1976,8,6,Other
GISTEMP,1976-07-06,-0.12,1976,7,6,Other
GISTEMP,1976-06-06,-0.15,1976,6,6,Other
GISTEMP,1976-05-06,-0.23,1976,5,6,Other
GISTEMP,1976-04-06,-0.1,1976,4,6,Other
GISTEMP,1976-03-06,-0.21,1976,3,6,Other
GISTEMP,1976-02-06,-0.06,1976,2,6,Other
GISTEMP,1976-01-06,0,1976,1,6,Other
GISTEMP,1975-12-06,-0.17,1975,12,6,Other
GISTEMP,1975-11-06,-0.16,1975,11,6,Other
GISTEMP,1975-10-06,-0.09,1975,10,6,Other
GISTEMP,1975-09-06,-0.03,1975,9,6,Other
GISTEMP,1975-08-06,-0.2,1975,8,6,Other
GISTEMP,1975-07-06,-0.03,1975,7,6,Other
GISTEMP,1975-06-06,-0.02,1975,6,6,Other
GISTEMP,1975-05-06,0.16,1975,5,6,Other
GISTEMP,1975-04-06,0.06,1975,4,6,Other
GISTEMP,1975-03-06,0.14,1975,3,6,Other
GISTEMP,1975-02-06,0.07,1975,2,6,Other
GISTEMP,1975-01-06,0.07,1975,1,6,Other
GISTEMP,1974-12-06,-0.09,1974,12,6,Other
GISTEMP,1974-11-06,-0.07,1974,11,6,Other
GISTEMP,1974-10-06,-0.07,1974,10,6,Other
GISTEMP,1974-09-06,-0.12,1974,9,6,Other
GISTEMP,1974-08-06,0.12,1974,8,6,Other
GISTEMP,1974-07-06,-0.03,1974,7,6,Other
GISTEMP,1974-06-06,-0.05,1974,6,6,Other
GISTEMP,1974-05-06,-0.01,1974,5,6,Other
GISTEMP,1974-04-06,-0.1,1974,4,6,Other
GISTEMP,1974-03-06,-0.05,1974,3,6,Other
GISTEMP,1974-02-06,-0.28,1974,2,6,Other
GISTEMP,1974-01-06,-0.14,1974,1,6,Other
GISTEMP,1973-12-06,-0.06,1973,12,6,Other
GISTEMP,1973-11-06,0.06,1973,11,6,Other
GISTEMP,1973-10-06,0.12,1973,10,6,Other
GISTEMP,1973-09-06,0.06,1973,9,6,Other
GISTEMP,1973-08-06,0.02,1973,8,6,Other
GISTEMP,1973-07-06,0.09,1973,7,6,Other
GISTEMP,1973-06-06,0.16,1973,6,6,Other
GISTEMP,1973-05-06,0.26,1973,5,6,Other
GISTEMP,1973-04-06,0.25,1973,4,6,Other
GISTEMP,1973-03-06,0.26,1973,3,6,Other
GISTEMP,1973-02-06,0.3,1973,2,6,Other
GISTEMP,1973-01-06,0.28,1973,1,6,Other
GISTEMP,1972-12-06,0.18,1972,12,6,Other
GISTEMP,1972-11-06,0.03,1972,11,6,Other
GISTEMP,1972-10-06,0.09,1972,10,6,Other
GISTEMP,1972-09-06,0.03,1972,9,6,Other
GISTEMP,1972-08-06,0.18,1972,8,6,Other
GISTEMP,1972-07-06,0.02,1972,7,6,Other
GISTEMP,1972-06-06,0.04,1972,6,6,Other
GISTEMP,1972-05-06,-0.03,1972,5,6,Other
GISTEMP,1972-04-06,-0.01,1972,4,6,Other
GISTEMP,1972-03-06,0.02,1972,3,6,Other
GISTEMP,1972-02-06,-0.17,1972,2,6,Other
GISTEMP,1972-01-06,-0.24,1972,1,6,Other
GISTEMP,1971-12-06,-0.08,1971,12,6,Other
GISTEMP,1971-11-06,-0.04,1971,11,6,Other
GISTEMP,1971-10-06,-0.05,1971,10,6,Other
GISTEMP,1971-09-06,-0.01,1971,9,6,Other
GISTEMP,1971-08-06,-0.03,1971,8,6,Other
GISTEMP,1971-07-06,-0.12,1971,7,6,Other
GISTEMP,1971-06-06,-0.18,1971,6,6,Other
GISTEMP,1971-05-06,-0.06,1971,5,6,Other
GISTEMP,1971-04-06,-0.09,1971,4,6,Other
GISTEMP,1971-03-06,-0.18,1971,3,6,Other
GISTEMP,1971-02-06,-0.2,1971,2,6,Other
GISTEMP,1971-01-06,-0.02,1971,1,6,Other
GISTEMP,1970-12-06,-0.13,1970,12,6,Other
GISTEMP,1970-11-06,0.01,1970,11,6,Other
GISTEMP,1970-10-06,0.05,1970,10,6,Other
GISTEMP,1970-09-06,0.11,1970,9,6,Other
GISTEMP,1970-08-06,-0.11,1970,8,6,Other
GISTEMP,1970-07-06,-0.04,1970,7,6,Other
GISTEMP,1970-06-06,-0.03,1970,6,6,Other
GISTEMP,1970-05-06,-0.05,1970,5,6,Other
GISTEMP,1970-04-06,0.09,1970,4,6,Other
GISTEMP,1970-03-06,0.08,1970,3,6,Other
GISTEMP,1970-02-06,0.22,1970,2,6,Other
GISTEMP,1970-01-06,0.09,1970,1,6,Other
GISTEMP,1969-12-06,0.27,1969,12,6,Other
GISTEMP,1969-11-06,0.12,1969,11,6,Other
GISTEMP,1969-10-06,0.11,1969,10,6,Other
GISTEMP,1969-09-06,0.1,1969,9,6,Other
GISTEMP,1969-08-06,0.03,1969,8,6,Other
GISTEMP,1969-07-06,-0.01,1969,7,6,Other
GISTEMP,1969-06-06,0.05,1969,6,6,Other
GISTEMP,1969-05-06,0.2,1969,5,6,Other
GISTEMP,1969-04-06,0.19,1969,4,6,Other
GISTEMP,1969-03-06,0,1969,3,6,Other
GISTEMP,1969-02-06,-0.14,1969,2,6,Other
GISTEMP,1969-01-06,-0.11,1969,1,6,Other
GISTEMP,1968-12-06,-0.14,1968,12,6,Other
GISTEMP,1968-11-06,-0.04,1968,11,6,Other
GISTEMP,1968-10-06,0.12,1968,10,6,Other
GISTEMP,1968-09-06,-0.18,1968,9,6,Other
GISTEMP,1968-08-06,-0.11,1968,8,6,Other
GISTEMP,1968-07-06,-0.11,1968,7,6,Other
GISTEMP,1968-06-06,-0.06,1968,6,6,Other
GISTEMP,1968-05-06,-0.1,1968,5,6,Other
GISTEMP,1968-04-06,-0.05,1968,4,6,Other
GISTEMP,1968-03-06,0.21,1968,3,6,Other
GISTEMP,1968-02-06,-0.15,1968,2,6,Other
GISTEMP,1968-01-06,-0.23,1968,1,6,Other
GISTEMP,1967-12-06,-0.02,1967,12,6,Other
GISTEMP,1967-11-06,-0.06,1967,11,6,Other
GISTEMP,1967-10-06,0.06,1967,10,6,Other
GISTEMP,1967-09-06,-0.04,1967,9,6,Other
GISTEMP,1967-08-06,0.02,1967,8,6,Other
GISTEMP,1967-07-06,0.01,1967,7,6,Other
GISTEMP,1967-06-06,-0.08,1967,6,6,Other
GISTEMP,1967-05-06,0.14,1967,5,6,Other
GISTEMP,1967-04-06,-0.05,1967,4,6,Other
GISTEMP,1967-03-06,0.03,1967,3,6,Other
GISTEMP,1967-02-06,-0.2,1967,2,6,Other
GISTEMP,1967-01-06,-0.06,1967,1,6,Other
GISTEMP,1966-12-06,-0.06,1966,12,6,Other
GISTEMP,1966-11-06,-0.02,1966,11,6,Other
GISTEMP,1966-10-06,-0.15,1966,10,6,Other
GISTEMP,1966-09-06,-0.01,1966,9,6,Other
GISTEMP,1966-08-06,-0.1,1966,8,6,Other
GISTEMP,1966-07-06,0.09,1966,7,6,Other
GISTEMP,1966-06-06,0.02,1966,6,6,Other
GISTEMP,1966-05-06,-0.1,1966,5,6,Other
GISTEMP,1966-04-06,-0.13,1966,4,6,Other
GISTEMP,1966-03-06,0.04,1966,3,6,Other
GISTEMP,1966-02-06,0,1966,2,6,Other
GISTEMP,1966-01-06,-0.16,1966,1,6,Other
GISTEMP,1965-12-06,-0.05,1965,12,6,Other
GISTEMP,1965-11-06,-0.06,1965,11,6,Other
GISTEMP,1965-10-06,-0.04,1965,10,6,Other
GISTEMP,1965-09-06,-0.15,1965,9,6,Other
GISTEMP,1965-08-06,-0.01,1965,8,6,Other
GISTEMP,1965-07-06,-0.12,1965,7,6,Other
GISTEMP,1965-06-06,-0.08,1965,6,6,Other
GISTEMP,1965-05-06,-0.14,1965,5,6,Other
GISTEMP,1965-04-06,-0.2,1965,4,6,Other
GISTEMP,1965-03-06,-0.11,1965,3,6,Other
GISTEMP,1965-02-06,-0.17,1965,2,6,Other
GISTEMP,1965-01-06,-0.09,1965,1,6,Other
GISTEMP,1964-12-06,-0.3,1964,12,6,Other
GISTEMP,1964-11-06,-0.21,1964,11,6,Other
GISTEMP,1964-10-06,-0.3,1964,10,6,Other
GISTEMP,1964-09-06,-0.28,1964,9,6,Other
GISTEMP,1964-08-06,-0.2,1964,8,6,Other
GISTEMP,1964-07-06,-0.07,1964,7,6,Other
GISTEMP,1964-06-06,-0.07,1964,6,6,Other
GISTEMP,1964-05-06,-0.25,1964,5,6,Other
GISTEMP,1964-04-06,-0.3,1964,4,6,Other
GISTEMP,1964-03-06,-0.22,1964,3,6,Other
GISTEMP,1964-02-06,-0.12,1964,2,6,Other
GISTEMP,1964-01-06,-0.06,1964,1,6,Other
GISTEMP,1963-12-06,0,1963,12,6,Other
GISTEMP,1963-11-06,0.15,1963,11,6,Other
GISTEMP,1963-10-06,0.15,1963,10,6,Other
GISTEMP,1963-09-06,0.2,1963,9,6,Other
GISTEMP,1963-08-06,0.25,1963,8,6,Other
GISTEMP,1963-07-06,0.08,1963,7,6,Other
GISTEMP,1963-06-06,0.03,1963,6,6,Other
GISTEMP,1963-05-06,-0.09,1963,5,6,Other
GISTEMP,1963-04-06,-0.05,1963,4,6,Other
GISTEMP,1963-03-06,-0.13,1963,3,6,Other
GISTEMP,1963-02-06,0.19,1963,2,6,Other
GISTEMP,1963-01-06,-0.03,1963,1,6,Other
GISTEMP,1962-12-06,-0.01,1962,12,6,Other
GISTEMP,1962-11-06,0.06,1962,11,6,Other
GISTEMP,1962-10-06,-0.03,1962,10,6,Other
GISTEMP,1962-09-06,-0.01,1962,9,6,Other
GISTEMP,1962-08-06,-0.02,1962,8,6,Other
GISTEMP,1962-07-06,-0.02,1962,7,6,Other
GISTEMP,1962-06-06,0.06,1962,6,6,Other
GISTEMP,1962-05-06,-0.06,1962,5,6,Other
GISTEMP,1962-04-06,0.05,1962,4,6,Other
GISTEMP,1962-03-06,0.12,1962,3,6,Other
GISTEMP,1962-02-06,0.14,1962,2,6,Other
GISTEMP,1962-01-06,0.08,1962,1,6,Other
GISTEMP,1961-12-06,-0.15,1961,12,6,Other
GISTEMP,1961-11-06,0.03,1961,11,6,Other
GISTEMP,1961-10-06,0,1961,10,6,Other
GISTEMP,1961-09-06,0.05,1961,9,6,Other
GISTEMP,1961-08-06,0.02,1961,8,6,Other
GISTEMP,1961-07-06,-0.03,1961,7,6,Other
GISTEMP,1961-06-06,0.12,1961,6,6,Other
GISTEMP,1961-05-06,0.13,1961,5,6,Other
GISTEMP,1961-04-06,0.15,1961,4,6,Other
GISTEMP,1961-03-06,0.09,1961,3,6,Other
GISTEMP,1961-02-06,0.18,1961,2,6,Other
GISTEMP,1961-01-06,0.07,1961,1,6,Other
GISTEMP,1960-12-06,0.18,1960,12,6,Other
GISTEMP,1960-11-06,-0.11,1960,11,6,Other
GISTEMP,1960-10-06,0.07,1960,10,6,Other
GISTEMP,1960-09-06,0.05,1960,9,6,Other
GISTEMP,1960-08-06,-0.01,1960,8,6,Other
GISTEMP,1960-07-06,-0.02,1960,7,6,Other
GISTEMP,1960-06-06,0.01,1960,6,6,Other
GISTEMP,1960-05-06,-0.08,1960,5,6,Other
GISTEMP,1960-04-06,-0.16,1960,4,6,Other
GISTEMP,1960-03-06,-0.36,1960,3,6,Other
GISTEMP,1960-02-06,0.14,1960,2,6,Other
GISTEMP,1960-01-06,-0.01,1960,1,6,Other
GISTEMP,1959-12-06,-0.03,1959,12,6,Other
GISTEMP,1959-11-06,-0.09,1959,11,6,Other
GISTEMP,1959-10-06,-0.09,1959,10,6,Other
GISTEMP,1959-09-06,-0.06,1959,9,6,Other
GISTEMP,1959-08-06,-0.01,1959,8,6,Other
GISTEMP,1959-07-06,0.06,1959,7,6,Other
GISTEMP,1959-06-06,0.02,1959,6,6,Other
GISTEMP,1959-05-06,0.06,1959,5,6,Other
GISTEMP,1959-04-06,0.16,1959,4,6,Other
GISTEMP,1959-03-06,0.19,1959,3,6,Other
GISTEMP,1959-02-06,0.09,1959,2,6,Other
GISTEMP,1959-01-06,0.06,1959,1,6,Other
GISTEMP,1958-12-06,0.01,1958,12,6,Other
GISTEMP,1958-11-06,0.02,1958,11,6,Other
GISTEMP,1958-10-06,0.04,1958,10,6,Other
GISTEMP,1958-09-06,-0.03,1958,9,6,Other
GISTEMP,1958-08-06,-0.06,1958,8,6,Other
GISTEMP,1958-07-06,0.06,1958,7,6,Other
GISTEMP,1958-06-06,-0.05,1958,6,6,Other
GISTEMP,1958-05-06,0.08,1958,5,6,Other
GISTEMP,1958-04-06,0.01,1958,4,6,Other
GISTEMP,1958-03-06,0.1,1958,3,6,Other
GISTEMP,1958-02-06,0.24,1958,2,6,Other
GISTEMP,1958-01-06,0.39,1958,1,6,Other
GISTEMP,1957-12-06,0.16,1957,12,6,Other
GISTEMP,1957-11-06,0.07,1957,11,6,Other
GISTEMP,1957-10-06,0.01,1957,10,6,Other
GISTEMP,1957-09-06,0.06,1957,9,6,Other
GISTEMP,1957-08-06,0.14,1957,8,6,Other
GISTEMP,1957-07-06,0.01,1957,7,6,Other
GISTEMP,1957-06-06,0.16,1957,6,6,Other
GISTEMP,1957-05-06,0.08,1957,5,6,Other
GISTEMP,1957-04-06,-0.04,1957,4,6,Other
GISTEMP,1957-03-06,-0.05,1957,3,6,Other
GISTEMP,1957-02-06,-0.05,1957,2,6,Other
GISTEMP,1957-01-06,-0.14,1957,1,6,Other
GISTEMP,1956-12-06,-0.1,1956,12,6,Other
GISTEMP,1956-11-06,-0.17,1956,11,6,Other
GISTEMP,1956-10-06,-0.24,1956,10,6,Other
GISTEMP,1956-09-06,-0.22,1956,9,6,Other
GISTEMP,1956-08-06,-0.25,1956,8,6,Other
GISTEMP,1956-07-06,-0.12,1956,7,6,Other
GISTEMP,1956-06-06,-0.15,1956,6,6,Other
GISTEMP,1956-05-06,-0.28,1956,5,6,Other
GISTEMP,1956-04-06,-0.26,1956,4,6,Other
GISTEMP,1956-03-06,-0.23,1956,3,6,Other
GISTEMP,1956-02-06,-0.25,1956,2,6,Other
GISTEMP,1956-01-06,-0.17,1956,1,6,Other
GISTEMP,1955-12-06,-0.32,1955,12,6,Other
GISTEMP,1955-11-06,-0.28,1955,11,6,Other
GISTEMP,1955-10-06,-0.05,1955,10,6,Other
GISTEMP,1955-09-06,-0.13,1955,9,6,Other
GISTEMP,1955-08-06,0.04,1955,8,6,Other
GISTEMP,1955-07-06,-0.09,1955,7,6,Other
GISTEMP,1955-06-06,-0.08,1955,6,6,Other
GISTEMP,1955-05-06,-0.2,1955,5,6,Other
GISTEMP,1955-04-06,-0.23,1955,4,6,Other
GISTEMP,1955-03-06,-0.36,1955,3,6,Other
GISTEMP,1955-02-06,-0.21,1955,2,6,Other
GISTEMP,1955-01-06,0.11,1955,1,6,Other
GISTEMP,1954-12-06,-0.18,1954,12,6,Other
GISTEMP,1954-11-06,0.08,1954,11,6,Other
GISTEMP,1954-10-06,-0.01,1954,10,6,Other
GISTEMP,1954-09-06,-0.07,1954,9,6,Other
GISTEMP,1954-08-06,-0.13,1954,8,6,Other
GISTEMP,1954-07-06,-0.16,1954,7,6,Other
GISTEMP,1954-06-06,-0.16,1954,6,6,Other
GISTEMP,1954-05-06,-0.2,1954,5,6,Other
GISTEMP,1954-04-06,-0.18,1954,4,6,Other
GISTEMP,1954-03-06,-0.12,1954,3,6,Other
GISTEMP,1954-02-06,-0.1,1954,2,6,Other
GISTEMP,1954-01-06,-0.28,1954,1,6,Other
GISTEMP,1953-12-06,0.03,1953,12,6,Other
GISTEMP,1953-11-06,-0.05,1953,11,6,Other
GISTEMP,1953-10-06,0.05,1953,10,6,Other
GISTEMP,1953-09-06,0.06,1953,9,6,Other
GISTEMP,1953-08-06,0.08,1953,8,6,Other
GISTEMP,1953-07-06,0.02,1953,7,6,Other
GISTEMP,1953-06-06,0.08,1953,6,6,Other
GISTEMP,1953-05-06,0.08,1953,5,6,Other
GISTEMP,1953-04-06,0.2,1953,4,6,Other
GISTEMP,1953-03-06,0.11,1953,3,6,Other
GISTEMP,1953-02-06,0.16,1953,2,6,Other
GISTEMP,1953-01-06,0.09,1953,1,6,Other
GISTEMP,1952-12-06,-0.02,1952,12,6,Other
GISTEMP,1952-11-06,-0.17,1952,11,6,Other
GISTEMP,1952-10-06,-0.04,1952,10,6,Other
GISTEMP,1952-09-06,0.08,1952,9,6,Other
GISTEMP,1952-08-06,0.07,1952,8,6,Other
GISTEMP,1952-07-06,0.05,1952,7,6,Other
GISTEMP,1952-06-06,-0.04,1952,6,6,Other
GISTEMP,1952-05-06,-0.05,1952,5,6,Other
GISTEMP,1952-04-06,0.02,1952,4,6,Other
GISTEMP,1952-03-06,-0.1,1952,3,6,Other
GISTEMP,1952-02-06,0.12,1952,2,6,Other
GISTEMP,1952-01-06,0.16,1952,1,6,Other
GISTEMP,1951-12-06,0.15,1951,12,6,Other
GISTEMP,1951-11-06,0,1951,11,6,Other
GISTEMP,1951-10-06,0.06,1951,10,6,Other
GISTEMP,1951-09-06,0.07,1951,9,6,Other
GISTEMP,1951-08-06,0.05,1951,8,6,Other
GISTEMP,1951-07-06,0,1951,7,6,Other
GISTEMP,1951-06-06,-0.05,1951,6,6,Other
GISTEMP,1951-05-06,-0.02,1951,5,6,Other
GISTEMP,1951-04-06,-0.1,1951,4,6,Other
GISTEMP,1951-03-06,-0.19,1951,3,6,Other
GISTEMP,1951-02-06,-0.44,1951,2,6,Other
GISTEMP,1951-01-06,-0.35,1951,1,6,Other
GISTEMP,1950-12-06,-0.2,1950,12,6,Other
GISTEMP,1950-11-06,-0.35,1950,11,6,Other
GISTEMP,1950-10-06,-0.2,1950,10,6,Other
GISTEMP,1950-09-06,-0.1,1950,9,6,Other
GISTEMP,1950-08-06,-0.18,1950,8,6,Other
GISTEMP,1950-07-06,-0.09,1950,7,6,Other
GISTEMP,1950-06-06,-0.06,1950,6,6,Other
GISTEMP,1950-05-06,-0.12,1950,5,6,Other
GISTEMP,1950-04-06,-0.21,1950,4,6,Other
GISTEMP,1950-03-06,-0.06,1950,3,6,Other
GISTEMP,1950-02-06,-0.26,1950,2,6,Other
GISTEMP,1950-01-06,-0.3,1950,1,6,Other
GISTEMP,1949-12-06,-0.19,1949,12,6,Other
GISTEMP,1949-11-06,-0.08,1949,11,6,Other
GISTEMP,1949-10-06,-0.03,1949,10,6,Other
GISTEMP,1949-09-06,-0.08,1949,9,6,Other
GISTEMP,1949-08-06,-0.08,1949,8,6,Other
GISTEMP,1949-07-06,-0.13,1949,7,6,Other
GISTEMP,1949-06-06,-0.22,1949,6,6,Other
GISTEMP,1949-05-06,-0.09,1949,5,6,Other
GISTEMP,1949-04-06,-0.07,1949,4,6,Other
GISTEMP,1949-03-06,-0.01,1949,3,6,Other
GISTEMP,1949-02-06,-0.16,1949,2,6,Other
GISTEMP,1949-01-06,0.09,1949,1,6,Other
GISTEMP,1948-12-06,-0.23,1948,12,6,Other
GISTEMP,1948-11-06,-0.08,1948,11,6,Other
GISTEMP,1948-10-06,-0.07,1948,10,6,Other
GISTEMP,1948-09-06,-0.1,1948,9,6,Other
GISTEMP,1948-08-06,-0.1,1948,8,6,Other
GISTEMP,1948-07-06,-0.13,1948,7,6,Other
GISTEMP,1948-06-06,-0.05,1948,6,6,Other
GISTEMP,1948-05-06,0.08,1948,5,6,Other
GISTEMP,1948-04-06,-0.09,1948,4,6,Other
GISTEMP,1948-03-06,-0.23,1948,3,6,Other
GISTEMP,1948-02-06,-0.13,1948,2,6,Other
GISTEMP,1948-01-06,0.05,1948,1,6,Other
GISTEMP,1947-12-06,-0.18,1947,12,6,Other
GISTEMP,1947-11-06,-0.01,1947,11,6,Other
GISTEMP,1947-10-06,0.06,1947,10,6,Other
GISTEMP,1947-09-06,-0.14,1947,9,6,Other
GISTEMP,1947-08-06,-0.08,1947,8,6,Other
GISTEMP,1947-07-06,-0.06,1947,7,6,Other
GISTEMP,1947-06-06,0,1947,6,6,Other
GISTEMP,1947-05-06,-0.06,1947,5,6,Other
GISTEMP,1947-04-06,0.04,1947,4,6,Other
GISTEMP,1947-03-06,0.05,1947,3,6,Other
GISTEMP,1947-02-06,-0.08,1947,2,6,Other
GISTEMP,1947-01-06,-0.13,1947,1,6,Other
GISTEMP,1946-12-06,-0.29,1946,12,6,Other
GISTEMP,1946-11-06,-0.02,1946,11,6,Other
GISTEMP,1946-10-06,-0.06,1946,10,6,Other
GISTEMP,1946-09-06,-0.02,1946,9,6,Other
GISTEMP,1946-08-06,-0.08,1946,8,6,Other
GISTEMP,1946-07-06,-0.09,1946,7,6,Other
GISTEMP,1946-06-06,-0.17,1946,6,6,Other
GISTEMP,1946-05-06,-0.04,1946,5,6,Other
GISTEMP,1946-04-06,0.11,1946,4,6,Other
GISTEMP,1946-03-06,0,1946,3,6,Other
GISTEMP,1946-02-06,0.06,1946,2,6,Other
GISTEMP,1946-01-06,0.15,1946,1,6,Other
GISTEMP,1945-12-06,-0.1,1945,12,6,Other
GISTEMP,1945-11-06,0.1,1945,11,6,Other
GISTEMP,1945-10-06,0.22,1945,10,6,Other
GISTEMP,1945-09-06,0.22,1945,9,6,Other
GISTEMP,1945-08-06,0.25,1945,8,6,Other
GISTEMP,1945-07-06,0.07,1945,7,6,Other
GISTEMP,1945-06-06,0.02,1945,6,6,Other
GISTEMP,1945-05-06,0.1,1945,5,6,Other
GISTEMP,1945-04-06,0.24,1945,4,6,Other
GISTEMP,1945-03-06,0.11,1945,3,6,Other
GISTEMP,1945-02-06,0.02,1945,2,6,Other
GISTEMP,1945-01-06,0.13,1945,1,6,Other
GISTEMP,1944-12-06,0.05,1944,12,6,Other
GISTEMP,1944-11-06,0.12,1944,11,6,Other
GISTEMP,1944-10-06,0.27,1944,10,6,Other
GISTEMP,1944-09-06,0.31,1944,9,6,Other
GISTEMP,1944-08-06,0.23,1944,8,6,Other
GISTEMP,1944-07-06,0.23,1944,7,6,Other
GISTEMP,1944-06-06,0.22,1944,6,6,Other
GISTEMP,1944-05-06,0.26,1944,5,6,Other
GISTEMP,1944-04-06,0.27,1944,4,6,Other
GISTEMP,1944-03-06,0.34,1944,3,6,Other
GISTEMP,1944-02-06,0.31,1944,2,6,Other
GISTEMP,1944-01-06,0.41,1944,1,6,Other
GISTEMP,1943-12-06,0.28,1943,12,6,Other
GISTEMP,1943-11-06,0.25,1943,11,6,Other
GISTEMP,1943-10-06,0.3,1943,10,6,Other
GISTEMP,1943-09-06,0.11,1943,9,6,Other
GISTEMP,1943-08-06,0.03,1943,8,6,Other
GISTEMP,1943-07-06,0.14,1943,7,6,Other
GISTEMP,1943-06-06,-0.01,1943,6,6,Other
GISTEMP,1943-05-06,0.1,1943,5,6,Other
GISTEMP,1943-04-06,0.13,1943,4,6,Other
GISTEMP,1943-03-06,0.01,1943,3,6,Other
GISTEMP,1943-02-06,0.22,1943,2,6,Other
GISTEMP,1943-01-06,-0.01,1943,1,6,Other
GISTEMP,1942-12-06,0.12,1942,12,6,Other
GISTEMP,1942-11-06,0.13,1942,11,6,Other
GISTEMP,1942-10-06,0.06,1942,10,6,Other
GISTEMP,1942-09-06,0,1942,9,6,Other
GISTEMP,1942-08-06,-0.03,1942,8,6,Other
GISTEMP,1942-07-06,0.02,1942,7,6,Other
GISTEMP,1942-06-06,0.11,1942,6,6,Other
GISTEMP,1942-05-06,0.14,1942,5,6,Other
GISTEMP,1942-04-06,0.14,1942,4,6,Other
GISTEMP,1942-03-06,0.13,1942,3,6,Other
GISTEMP,1942-02-06,0.05,1942,2,6,Other
GISTEMP,1942-01-06,0.26,1942,1,6,Other
GISTEMP,1941-12-06,0.14,1941,12,6,Other
GISTEMP,1941-11-06,0.12,1941,11,6,Other
GISTEMP,1941-10-06,0.24,1941,10,6,Other
GISTEMP,1941-09-06,0.02,1941,9,6,Other
GISTEMP,1941-08-06,0.14,1941,8,6,Other
GISTEMP,1941-07-06,0.15,1941,7,6,Other
GISTEMP,1941-06-06,0.04,1941,6,6,Other
GISTEMP,1941-05-06,0.1,1941,5,6,Other
GISTEMP,1941-04-06,0.11,1941,4,6,Other
GISTEMP,1941-03-06,0.06,1941,3,6,Other
GISTEMP,1941-02-06,0.23,1941,2,6,Other
GISTEMP,1941-01-06,0.13,1941,1,6,Other
GISTEMP,1940-12-06,0.19,1940,12,6,Other
GISTEMP,1940-11-06,0.13,1940,11,6,Other
GISTEMP,1940-10-06,0.07,1940,10,6,Other
GISTEMP,1940-09-06,0.12,1940,9,6,Other
GISTEMP,1940-08-06,0.01,1940,8,6,Other
GISTEMP,1940-07-06,0.1,1940,7,6,Other
GISTEMP,1940-06-06,0.05,1940,6,6,Other
GISTEMP,1940-05-06,0.05,1940,5,6,Other
GISTEMP,1940-04-06,0.16,1940,4,6,Other
GISTEMP,1940-03-06,0.12,1940,3,6,Other
GISTEMP,1940-02-06,0.06,1940,2,6,Other
GISTEMP,1940-01-06,-0.15,1940,1,6,Other
GISTEMP,1939-12-06,0.4,1939,12,6,Other
GISTEMP,1939-11-06,0.06,1939,11,6,Other
GISTEMP,1939-10-06,-0.03,1939,10,6,Other
GISTEMP,1939-09-06,0,1939,9,6,Other
GISTEMP,1939-08-06,-0.05,1939,8,6,Other
GISTEMP,1939-07-06,-0.06,1939,7,6,Other
GISTEMP,1939-06-06,-0.08,1939,6,6,Other
GISTEMP,1939-05-06,-0.07,1939,5,6,Other
GISTEMP,1939-04-06,-0.12,1939,4,6,Other
GISTEMP,1939-03-06,-0.2,1939,3,6,Other
GISTEMP,1939-02-06,-0.12,1939,2,6,Other
GISTEMP,1939-01-06,-0.13,1939,1,6,Other
GISTEMP,1938-12-06,-0.26,1938,12,6,Other
GISTEMP,1938-11-06,0.01,1938,11,6,Other
GISTEMP,1938-10-06,0.11,1938,10,6,Other
GISTEMP,1938-09-06,0.03,1938,9,6,Other
GISTEMP,1938-08-06,-0.04,1938,8,6,Other
GISTEMP,1938-07-06,-0.09,1938,7,6,Other
GISTEMP,1938-06-06,-0.17,1938,6,6,Other
GISTEMP,1938-05-06,-0.07,1938,5,6,Other
GISTEMP,1938-04-06,0.05,1938,4,6,Other
GISTEMP,1938-03-06,0.05,1938,3,6,Other
GISTEMP,1938-02-06,-0.04,1938,2,6,Other
GISTEMP,1938-01-06,0,1938,1,6,Other
GISTEMP,1937-12-06,-0.12,1937,12,6,Other
GISTEMP,1937-11-06,0.09,1937,11,6,Other
GISTEMP,1937-10-06,0.1,1937,10,6,Other
GISTEMP,1937-09-06,0.14,1937,9,6,Other
GISTEMP,1937-08-06,0.03,1937,8,6,Other
GISTEMP,1937-07-06,-0.05,1937,7,6,Other
GISTEMP,1937-06-06,-0.08,1937,6,6,Other
GISTEMP,1937-05-06,-0.07,1937,5,6,Other
GISTEMP,1937-04-06,-0.17,1937,4,6,Other
GISTEMP,1937-03-06,-0.17,1937,3,6,Other
GISTEMP,1937-02-06,0.05,1937,2,6,Other
GISTEMP,1937-01-06,-0.11,1937,1,6,Other
GISTEMP,1936-12-06,-0.04,1936,12,6,Other
GISTEMP,1936-11-06,-0.05,1936,11,6,Other
GISTEMP,1936-10-06,-0.04,1936,10,6,Other
GISTEMP,1936-09-06,-0.06,1936,9,6,Other
GISTEMP,1936-08-06,-0.12,1936,8,6,Other
GISTEMP,1936-07-06,-0.06,1936,7,6,Other
GISTEMP,1936-06-06,-0.19,1936,6,6,Other
GISTEMP,1936-05-06,-0.17,1936,5,6,Other
GISTEMP,1936-04-06,-0.2,1936,4,6,Other
GISTEMP,1936-03-06,-0.23,1936,3,6,Other
GISTEMP,1936-02-06,-0.39,1936,2,6,Other
GISTEMP,1936-01-06,-0.29,1936,1,6,Other
GISTEMP,1935-12-06,-0.22,1935,12,6,Other
GISTEMP,1935-11-06,-0.29,1935,11,6,Other
GISTEMP,1935-10-06,-0.08,1935,10,6,Other
GISTEMP,1935-09-06,-0.17,1935,9,6,Other
GISTEMP,1935-08-06,-0.17,1935,8,6,Other
GISTEMP,1935-07-06,-0.19,1935,7,6,Other
GISTEMP,1935-06-06,-0.23,1935,6,6,Other
GISTEMP,1935-05-06,-0.26,1935,5,6,Other
GISTEMP,1935-04-06,-0.35,1935,4,6,Other
GISTEMP,1935-03-06,-0.13,1935,3,6,Other
GISTEMP,1935-02-06,0.11,1935,2,6,Other
GISTEMP,1935-01-06,-0.37,1935,1,6,Other
GISTEMP,1934-12-06,-0.09,1934,12,6,Other
GISTEMP,1934-11-06,-0.01,1934,11,6,Other
GISTEMP,1934-10-06,-0.11,1934,10,6,Other
GISTEMP,1934-09-06,-0.16,1934,9,6,Other
GISTEMP,1934-08-06,-0.1,1934,8,6,Other
GISTEMP,1934-07-06,-0.11,1934,7,6,Other
GISTEMP,1934-06-06,-0.14,1934,6,6,Other
GISTEMP,1934-05-06,-0.11,1934,5,6,Other
GISTEMP,1934-04-06,-0.27,1934,4,6,Other
GISTEMP,1934-03-06,-0.31,1934,3,6,Other
GISTEMP,1934-02-06,-0.04,1934,2,6,Other
GISTEMP,1934-01-06,-0.27,1934,1,6,Other
GISTEMP,1933-12-06,-0.47,1933,12,6,Other
GISTEMP,1933-11-06,-0.31,1933,11,6,Other
GISTEMP,1933-10-06,-0.24,1933,10,6,Other
GISTEMP,1933-09-06,-0.26,1933,9,6,Other
GISTEMP,1933-08-06,-0.23,1933,8,6,Other
GISTEMP,1933-07-06,-0.2,1933,7,6,Other
GISTEMP,1933-06-06,-0.32,1933,6,6,Other
GISTEMP,1933-05-06,-0.25,1933,5,6,Other
GISTEMP,1933-04-06,-0.23,1933,4,6,Other
GISTEMP,1933-03-06,-0.29,1933,3,6,Other
GISTEMP,1933-02-06,-0.32,1933,2,6,Other
GISTEMP,1933-01-06,-0.34,1933,1,6,Other
GISTEMP,1932-12-06,-0.22,1932,12,6,Other
GISTEMP,1932-11-06,-0.26,1932,11,6,Other
GISTEMP,1932-10-06,-0.1,1932,10,6,Other
GISTEMP,1932-09-06,-0.11,1932,9,6,Other
GISTEMP,1932-08-06,-0.24,1932,8,6,Other
GISTEMP,1932-07-06,-0.24,1932,7,6,Other
GISTEMP,1932-06-06,-0.3,1932,6,6,Other
GISTEMP,1932-05-06,-0.22,1932,5,6,Other
GISTEMP,1932-04-06,-0.07,1932,4,6,Other
GISTEMP,1932-03-06,-0.2,1932,3,6,Other
GISTEMP,1932-02-06,-0.18,1932,2,6,Other
GISTEMP,1932-01-06,0.13,1932,1,6,Other
GISTEMP,1931-12-06,-0.1,1931,12,6,Other
GISTEMP,1931-11-06,-0.12,1931,11,6,Other
GISTEMP,1931-10-06,0,1931,10,6,Other
GISTEMP,1931-09-06,-0.06,1931,9,6,Other
GISTEMP,1931-08-06,0,1931,8,6,Other
GISTEMP,1931-07-06,0.01,1931,7,6,Other
GISTEMP,1931-06-06,-0.06,1931,6,6,Other
GISTEMP,1931-05-06,-0.22,1931,5,6,Other
GISTEMP,1931-04-06,-0.21,1931,4,6,Other
GISTEMP,1931-03-06,-0.06,1931,3,6,Other
GISTEMP,1931-02-06,-0.22,1931,2,6,Other
GISTEMP,1931-01-06,-0.1,1931,1,6,Other
GISTEMP,1930-12-06,-0.09,1930,12,6,Other
GISTEMP,1930-11-06,0.14,1930,11,6,Other
GISTEMP,1930-10-06,-0.08,1930,10,6,Other
GISTEMP,1930-09-06,-0.11,1930,9,6,Other
GISTEMP,1930-08-06,-0.11,1930,8,6,Other
GISTEMP,1930-07-06,-0.17,1930,7,6,Other
GISTEMP,1930-06-06,-0.19,1930,6,6,Other
GISTEMP,1930-05-06,-0.25,1930,5,6,Other
GISTEMP,1930-04-06,-0.26,1930,4,6,Other
GISTEMP,1930-03-06,-0.08,1930,3,6,Other
GISTEMP,1930-02-06,-0.24,1930,2,6,Other
GISTEMP,1930-01-06,-0.29,1930,1,6,Other
GISTEMP,1929-12-06,-0.55,1929,12,6,Other
GISTEMP,1929-11-06,-0.14,1929,11,6,Other
GISTEMP,1929-10-06,-0.15,1929,10,6,Other
GISTEMP,1929-09-06,-0.23,1929,9,6,Other
GISTEMP,1929-08-06,-0.29,1929,8,6,Other
GISTEMP,1929-07-06,-0.33,1929,7,6,Other
GISTEMP,1929-06-06,-0.43,1929,6,6,Other
GISTEMP,1929-05-06,-0.39,1929,5,6,Other
GISTEMP,1929-04-06,-0.4,1929,4,6,Other
GISTEMP,1929-03-06,-0.34,1929,3,6,Other
GISTEMP,1929-02-06,-0.61,1929,2,6,Other
GISTEMP,1929-01-06,-0.47,1929,1,6,Other
GISTEMP,1928-12-06,-0.2,1928,12,6,Other
GISTEMP,1928-11-06,-0.09,1928,11,6,Other
GISTEMP,1928-10-06,-0.19,1928,10,6,Other
GISTEMP,1928-09-06,-0.2,1928,9,6,Other
GISTEMP,1928-08-06,-0.25,1928,8,6,Other
GISTEMP,1928-07-06,-0.21,1928,7,6,Other
GISTEMP,1928-06-06,-0.41,1928,6,6,Other
GISTEMP,1928-05-06,-0.3,1928,5,6,Other
GISTEMP,1928-04-06,-0.29,1928,4,6,Other
GISTEMP,1928-03-06,-0.28,1928,3,6,Other
GISTEMP,1928-02-06,-0.12,1928,2,6,Other
GISTEMP,1928-01-06,-0.04,1928,1,6,Other
GISTEMP,1927-12-06,-0.36,1927,12,6,Other
GISTEMP,1927-11-06,-0.04,1927,11,6,Other
GISTEMP,1927-10-06,-0.01,1927,10,6,Other
GISTEMP,1927-09-06,-0.06,1927,9,6,Other
GISTEMP,1927-08-06,-0.19,1927,8,6,Other
GISTEMP,1927-07-06,-0.15,1927,7,6,Other
GISTEMP,1927-06-06,-0.27,1927,6,6,Other
GISTEMP,1927-05-06,-0.25,1927,5,6,Other
GISTEMP,1927-04-06,-0.31,1927,4,6,Other
GISTEMP,1927-03-06,-0.39,1927,3,6,Other
GISTEMP,1927-02-06,-0.21,1927,2,6,Other
GISTEMP,1927-01-06,-0.28,1927,1,6,Other
GISTEMP,1926-12-06,-0.3,1926,12,6,Other
GISTEMP,1926-11-06,-0.06,1926,11,6,Other
GISTEMP,1926-10-06,-0.11,1926,10,6,Other
GISTEMP,1926-09-06,-0.11,1926,9,6,Other
GISTEMP,1926-08-06,-0.11,1926,8,6,Other
GISTEMP,1926-07-06,-0.21,1926,7,6,Other
GISTEMP,1926-06-06,-0.25,1926,6,6,Other
GISTEMP,1926-05-06,-0.25,1926,5,6,Other
GISTEMP,1926-04-06,-0.15,1926,4,6,Other
GISTEMP,1926-03-06,0.12,1926,3,6,Other
GISTEMP,1926-02-06,0.07,1926,2,6,Other
GISTEMP,1926-01-06,0.2,1926,1,6,Other
GISTEMP,1925-12-06,0.11,1925,12,6,Other
GISTEMP,1925-11-06,0.03,1925,11,6,Other
GISTEMP,1925-10-06,-0.17,1925,10,6,Other
GISTEMP,1925-09-06,-0.13,1925,9,6,Other
GISTEMP,1925-08-06,-0.19,1925,8,6,Other
GISTEMP,1925-07-06,-0.3,1925,7,6,Other
GISTEMP,1925-06-06,-0.34,1925,6,6,Other
GISTEMP,1925-05-06,-0.3,1925,5,6,Other
GISTEMP,1925-04-06,-0.25,1925,4,6,Other
GISTEMP,1925-03-06,-0.24,1925,3,6,Other
GISTEMP,1925-02-06,-0.35,1925,2,6,Other
GISTEMP,1925-01-06,-0.34,1925,1,6,Other
GISTEMP,1924-12-06,-0.43,1924,12,6,Other
GISTEMP,1924-11-06,-0.23,1924,11,6,Other
GISTEMP,1924-10-06,-0.36,1924,10,6,Other
GISTEMP,1924-09-06,-0.3,1924,9,6,Other
GISTEMP,1924-08-06,-0.35,1924,8,6,Other
GISTEMP,1924-07-06,-0.27,1924,7,6,Other
GISTEMP,1924-06-06,-0.28,1924,6,6,Other
GISTEMP,1924-05-06,-0.19,1924,5,6,Other
GISTEMP,1924-04-06,-0.35,1924,4,6,Other
GISTEMP,1924-03-06,-0.12,1924,3,6,Other
GISTEMP,1924-02-06,-0.27,1924,2,6,Other
GISTEMP,1924-01-06,-0.24,1924,1,6,Other
GISTEMP,1923-12-06,-0.06,1923,12,6,Other
GISTEMP,1923-11-06,0.03,1923,11,6,Other
GISTEMP,1923-10-06,-0.13,1923,10,6,Other
GISTEMP,1923-09-06,-0.28,1923,9,6,Other
GISTEMP,1923-08-06,-0.3,1923,8,6,Other
GISTEMP,1923-07-06,-0.29,1923,7,6,Other
GISTEMP,1923-06-06,-0.24,1923,6,6,Other
GISTEMP,1923-05-06,-0.33,1923,5,6,Other
GISTEMP,1923-04-06,-0.38,1923,4,6,Other
GISTEMP,1923-03-06,-0.32,1923,3,6,Other
GISTEMP,1923-02-06,-0.37,1923,2,6,Other
GISTEMP,1923-01-06,-0.27,1923,1,6,Other
GISTEMP,1922-12-06,-0.17,1922,12,6,Other
GISTEMP,1922-11-06,-0.17,1922,11,6,Other
GISTEMP,1922-10-06,-0.33,1922,10,6,Other
GISTEMP,1922-09-06,-0.29,1922,9,6,Other
GISTEMP,1922-08-06,-0.31,1922,8,6,Other
GISTEMP,1922-07-06,-0.27,1922,7,6,Other
GISTEMP,1922-06-06,-0.32,1922,6,6,Other
GISTEMP,1922-05-06,-0.34,1922,5,6,Other
GISTEMP,1922-04-06,-0.22,1922,4,6,Other
GISTEMP,1922-03-06,-0.13,1922,3,6,Other
GISTEMP,1922-02-06,-0.44,1922,2,6,Other
GISTEMP,1922-01-06,-0.34,1922,1,6,Other
GISTEMP,1921-12-06,-0.18,1921,12,6,Other
GISTEMP,1921-11-06,-0.16,1921,11,6,Other
GISTEMP,1921-10-06,-0.06,1921,10,6,Other
GISTEMP,1921-09-06,-0.16,1921,9,6,Other
GISTEMP,1921-08-06,-0.24,1921,8,6,Other
GISTEMP,1921-07-06,-0.16,1921,7,6,Other
GISTEMP,1921-06-06,-0.31,1921,6,6,Other
GISTEMP,1921-05-06,-0.36,1921,5,6,Other
GISTEMP,1921-04-06,-0.36,1921,4,6,Other
GISTEMP,1921-03-06,-0.28,1921,3,6,Other
GISTEMP,1921-02-06,-0.21,1921,2,6,Other
GISTEMP,1921-01-06,-0.04,1921,1,6,Other
GISTEMP,1920-12-06,-0.47,1920,12,6,Other
GISTEMP,1920-11-06,-0.33,1920,11,6,Other
GISTEMP,1920-10-06,-0.29,1920,10,6,Other
GISTEMP,1920-09-06,-0.2,1920,9,6,Other
GISTEMP,1920-08-06,-0.29,1920,8,6,Other
GISTEMP,1920-07-06,-0.32,1920,7,6,Other
GISTEMP,1920-06-06,-0.33,1920,6,6,Other
GISTEMP,1920-05-06,-0.26,1920,5,6,Other
GISTEMP,1920-04-06,-0.26,1920,4,6,Other
GISTEMP,1920-03-06,-0.08,1920,3,6,Other
GISTEMP,1920-02-06,-0.22,1920,2,6,Other
GISTEMP,1920-01-06,-0.15,1920,1,6,Other
GISTEMP,1919-12-06,-0.35,1919,12,6,Other
GISTEMP,1919-11-06,-0.29,1919,11,6,Other
GISTEMP,1919-10-06,-0.16,1919,10,6,Other
GISTEMP,1919-09-06,-0.17,1919,9,6,Other
GISTEMP,1919-08-06,-0.19,1919,8,6,Other
GISTEMP,1919-07-06,-0.21,1919,7,6,Other
GISTEMP,1919-06-06,-0.28,1919,6,6,Other
GISTEMP,1919-05-06,-0.2,1919,5,6,Other
GISTEMP,1919-04-06,-0.17,1919,4,6,Other
GISTEMP,1919-03-06,-0.25,1919,3,6,Other
GISTEMP,1919-02-06,-0.19,1919,2,6,Other
GISTEMP,1919-01-06,-0.21,1919,1,6,Other
GISTEMP,1918-12-06,-0.3,1918,12,6,Other
GISTEMP,1918-11-06,-0.16,1918,11,6,Other
GISTEMP,1918-10-06,-0.03,1918,10,6,Other
GISTEMP,1918-09-06,-0.14,1918,9,6,Other
GISTEMP,1918-08-06,-0.26,1918,8,6,Other
GISTEMP,1918-07-06,-0.22,1918,7,6,Other
GISTEMP,1918-06-06,-0.28,1918,6,6,Other
GISTEMP,1918-05-06,-0.37,1918,5,6,Other
GISTEMP,1918-04-06,-0.4,1918,4,6,Other
GISTEMP,1918-03-06,-0.21,1918,3,6,Other
GISTEMP,1918-02-06,-0.33,1918,2,6,Other
GISTEMP,1918-01-06,-0.44,1918,1,6,Other
GISTEMP,1917-12-06,-0.71,1917,12,6,Other
GISTEMP,1917-11-06,-0.29,1917,11,6,Other
GISTEMP,1917-10-06,-0.35,1917,10,6,Other
GISTEMP,1917-09-06,-0.18,1917,9,6,Other
GISTEMP,1917-08-06,-0.26,1917,8,6,Other
GISTEMP,1917-07-06,-0.23,1917,7,6,Other
GISTEMP,1917-06-06,-0.4,1917,6,6,Other
GISTEMP,1917-05-06,-0.48,1917,5,6,Other
GISTEMP,1917-04-06,-0.38,1917,4,6,Other
GISTEMP,1917-03-06,-0.47,1917,3,6,Other
GISTEMP,1917-02-06,-0.53,1917,2,6,Other
GISTEMP,1917-01-06,-0.46,1917,1,6,Other
GISTEMP,1916-12-06,-0.78,1916,12,6,Other
GISTEMP,1916-11-06,-0.42,1916,11,6,Other
GISTEMP,1916-10-06,-0.28,1916,10,6,Other
GISTEMP,1916-09-06,-0.29,1916,9,6,Other
GISTEMP,1916-08-06,-0.27,1916,8,6,Other
GISTEMP,1916-07-06,-0.34,1916,7,6,Other
GISTEMP,1916-06-06,-0.44,1916,6,6,Other
GISTEMP,1916-05-06,-0.27,1916,5,6,Other
GISTEMP,1916-04-06,-0.25,1916,4,6,Other
GISTEMP,1916-03-06,-0.31,1916,3,6,Other
GISTEMP,1916-02-06,-0.23,1916,2,6,Other
GISTEMP,1916-01-06,-0.2,1916,1,6,Other
GISTEMP,1915-12-06,-0.25,1915,12,6,Other
GISTEMP,1915-11-06,-0.12,1915,11,6,Other
GISTEMP,1915-10-06,-0.22,1915,10,6,Other
GISTEMP,1915-09-06,-0.12,1915,9,6,Other
GISTEMP,1915-08-06,-0.15,1915,8,6,Other
GISTEMP,1915-07-06,-0.03,1915,7,6,Other
GISTEMP,1915-06-06,-0.16,1915,6,6,Other
GISTEMP,1915-05-06,-0.01,1915,5,6,Other
GISTEMP,1915-04-06,0.07,1915,4,6,Other
GISTEMP,1915-03-06,-0.08,1915,3,6,Other
GISTEMP,1915-02-06,-0.01,1915,2,6,Other
GISTEMP,1915-01-06,-0.2,1915,1,6,Other
GISTEMP,1914-12-06,-0.1,1914,12,6,Other
GISTEMP,1914-11-06,-0.2,1914,11,6,Other
GISTEMP,1914-10-06,-0.05,1914,10,6,Other
GISTEMP,1914-09-06,-0.13,1914,9,6,Other
GISTEMP,1914-08-06,-0.15,1914,8,6,Other
GISTEMP,1914-07-06,-0.24,1914,7,6,Other
GISTEMP,1914-06-06,-0.22,1914,6,6,Other
GISTEMP,1914-05-06,-0.19,1914,5,6,Other
GISTEMP,1914-04-06,-0.28,1914,4,6,Other
GISTEMP,1914-03-06,-0.23,1914,3,6,Other
GISTEMP,1914-02-06,-0.13,1914,2,6,Other
GISTEMP,1914-01-06,0.02,1914,1,6,Other
GISTEMP,1913-12-06,-0.04,1913,12,6,Other
GISTEMP,1913-11-06,-0.18,1913,11,6,Other
GISTEMP,1913-10-06,-0.34,1913,10,6,Other
GISTEMP,1913-09-06,-0.32,1913,9,6,Other
GISTEMP,1913-08-06,-0.32,1913,8,6,Other
GISTEMP,1913-07-06,-0.34,1913,7,6,Other
GISTEMP,1913-06-06,-0.46,1913,6,6,Other
GISTEMP,1913-05-06,-0.45,1913,5,6,Other
GISTEMP,1913-04-06,-0.36,1913,4,6,Other
GISTEMP,1913-03-06,-0.44,1913,3,6,Other
GISTEMP,1913-02-06,-0.44,1913,2,6,Other
GISTEMP,1913-01-06,-0.41,1913,1,6,Other
GISTEMP,1912-12-06,-0.42,1912,12,6,Other
GISTEMP,1912-11-06,-0.38,1912,11,6,Other
GISTEMP,1912-10-06,-0.55,1912,10,6,Other
GISTEMP,1912-09-06,-0.47,1912,9,6,Other
GISTEMP,1912-08-06,-0.51,1912,8,6,Other
GISTEMP,1912-07-06,-0.41,1912,7,6,Other
GISTEMP,1912-06-06,-0.26,1912,6,6,Other
GISTEMP,1912-05-06,-0.2,1912,5,6,Other
GISTEMP,1912-04-06,-0.2,1912,4,6,Other
GISTEMP,1912-03-06,-0.37,1912,3,6,Other
GISTEMP,1912-02-06,-0.13,1912,2,6,Other
GISTEMP,1912-01-06,-0.27,1912,1,6,Other
GISTEMP,1911-12-06,-0.25,1911,12,6,Other
GISTEMP,1911-11-06,-0.2,1911,11,6,Other
GISTEMP,1911-10-06,-0.26,1911,10,6,Other
GISTEMP,1911-09-06,-0.38,1911,9,6,Other
GISTEMP,1911-08-06,-0.43,1911,8,6,Other
GISTEMP,1911-07-06,-0.41,1911,7,6,Other
GISTEMP,1911-06-06,-0.47,1911,6,6,Other
GISTEMP,1911-05-06,-0.51,1911,5,6,Other
GISTEMP,1911-04-06,-0.55,1911,4,6,Other
GISTEMP,1911-03-06,-0.62,1911,3,6,Other
GISTEMP,1911-02-06,-0.6,1911,2,6,Other
GISTEMP,1911-01-06,-0.64,1911,1,6,Other
GISTEMP,1910-12-06,-0.69,1910,12,6,Other
GISTEMP,1910-11-06,-0.56,1910,11,6,Other
GISTEMP,1910-10-06,-0.39,1910,10,6,Other
GISTEMP,1910-09-06,-0.37,1910,9,6,Other
GISTEMP,1910-08-06,-0.34,1910,8,6,Other
GISTEMP,1910-07-06,-0.31,1910,7,6,Other
GISTEMP,1910-06-06,-0.36,1910,6,6,Other
GISTEMP,1910-05-06,-0.34,1910,5,6,Other
GISTEMP,1910-04-06,-0.39,1910,4,6,Other
GISTEMP,1910-03-06,-0.47,1910,3,6,Other
GISTEMP,1910-02-06,-0.43,1910,2,6,Other
GISTEMP,1910-01-06,-0.44,1910,1,6,Other
GISTEMP,1909-12-06,-0.55,1909,12,6,Other
GISTEMP,1909-11-06,-0.31,1909,11,6,Other
GISTEMP,1909-10-06,-0.39,1909,10,6,Other
GISTEMP,1909-09-06,-0.37,1909,9,6,Other
GISTEMP,1909-08-06,-0.3,1909,8,6,Other
GISTEMP,1909-07-06,-0.43,1909,7,6,Other
GISTEMP,1909-06-06,-0.52,1909,6,6,Other
GISTEMP,1909-05-06,-0.54,1909,5,6,Other
GISTEMP,1909-04-06,-0.59,1909,4,6,Other
GISTEMP,1909-03-06,-0.52,1909,3,6,Other
GISTEMP,1909-02-06,-0.47,1909,2,6,Other
GISTEMP,1909-01-06,-0.7,1909,1,6,Other
GISTEMP,1908-12-06,-0.5,1908,12,6,Other
GISTEMP,1908-11-06,-0.51,1908,11,6,Other
GISTEMP,1908-10-06,-0.43,1908,10,6,Other
GISTEMP,1908-09-06,-0.33,1908,9,6,Other
GISTEMP,1908-08-06,-0.45,1908,8,6,Other
GISTEMP,1908-07-06,-0.35,1908,7,6,Other
GISTEMP,1908-06-06,-0.39,1908,6,6,Other
GISTEMP,1908-05-06,-0.4,1908,5,6,Other
GISTEMP,1908-04-06,-0.46,1908,4,6,Other
GISTEMP,1908-03-06,-0.58,1908,3,6,Other
GISTEMP,1908-02-06,-0.36,1908,2,6,Other
GISTEMP,1908-01-06,-0.46,1908,1,6,Other
GISTEMP,1907-12-06,-0.5,1907,12,6,Other
GISTEMP,1907-11-06,-0.51,1907,11,6,Other
GISTEMP,1907-10-06,-0.24,1907,10,6,Other
GISTEMP,1907-09-06,-0.32,1907,9,6,Other
GISTEMP,1907-08-06,-0.37,1907,8,6,Other
GISTEMP,1907-07-06,-0.35,1907,7,6,Other
GISTEMP,1907-06-06,-0.43,1907,6,6,Other
GISTEMP,1907-05-06,-0.46,1907,5,6,Other
GISTEMP,1907-04-06,-0.4,1907,4,6,Other
GISTEMP,1907-03-06,-0.25,1907,3,6,Other
GISTEMP,1907-02-06,-0.53,1907,2,6,Other
GISTEMP,1907-01-06,-0.44,1907,1,6,Other
GISTEMP,1906-12-06,-0.18,1906,12,6,Other
GISTEMP,1906-11-06,-0.38,1906,11,6,Other
GISTEMP,1906-10-06,-0.2,1906,10,6,Other
GISTEMP,1906-09-06,-0.25,1906,9,6,Other
GISTEMP,1906-08-06,-0.19,1906,8,6,Other
GISTEMP,1906-07-06,-0.27,1906,7,6,Other
GISTEMP,1906-06-06,-0.22,1906,6,6,Other
GISTEMP,1906-05-06,-0.21,1906,5,6,Other
GISTEMP,1906-04-06,-0.02,1906,4,6,Other
GISTEMP,1906-03-06,-0.15,1906,3,6,Other
GISTEMP,1906-02-06,-0.34,1906,2,6,Other
GISTEMP,1906-01-06,-0.31,1906,1,6,Other
GISTEMP,1905-12-06,-0.21,1905,12,6,Other
GISTEMP,1905-11-06,-0.08,1905,11,6,Other
GISTEMP,1905-10-06,-0.23,1905,10,6,Other
GISTEMP,1905-09-06,-0.15,1905,9,6,Other
GISTEMP,1905-08-06,-0.21,1905,8,6,Other
GISTEMP,1905-07-06,-0.25,1905,7,6,Other
GISTEMP,1905-06-06,-0.31,1905,6,6,Other
GISTEMP,1905-05-06,-0.33,1905,5,6,Other
GISTEMP,1905-04-06,-0.36,1905,4,6,Other
GISTEMP,1905-03-06,-0.25,1905,3,6,Other
GISTEMP,1905-02-06,-0.59,1905,2,6,Other
GISTEMP,1905-01-06,-0.38,1905,1,6,Other
GISTEMP,1904-12-06,-0.29,1904,12,6,Other
GISTEMP,1904-11-06,-0.16,1904,11,6,Other
GISTEMP,1904-10-06,-0.35,1904,10,6,Other
GISTEMP,1904-09-06,-0.47,1904,9,6,Other
GISTEMP,1904-08-06,-0.43,1904,8,6,Other
GISTEMP,1904-07-06,-0.48,1904,7,6,Other
GISTEMP,1904-06-06,-0.49,1904,6,6,Other
GISTEMP,1904-05-06,-0.5,1904,5,6,Other
GISTEMP,1904-04-06,-0.5,1904,4,6,Other
GISTEMP,1904-03-06,-0.46,1904,3,6,Other
GISTEMP,1904-02-06,-0.55,1904,2,6,Other
GISTEMP,1904-01-06,-0.64,1904,1,6,Other
GISTEMP,1903-12-06,-0.47,1903,12,6,Other
GISTEMP,1903-11-06,-0.38,1903,11,6,Other
GISTEMP,1903-10-06,-0.42,1903,10,6,Other
GISTEMP,1903-09-06,-0.43,1903,9,6,Other
GISTEMP,1903-08-06,-0.44,1903,8,6,Other
GISTEMP,1903-07-06,-0.3,1903,7,6,Other
GISTEMP,1903-06-06,-0.44,1903,6,6,Other
GISTEMP,1903-05-06,-0.41,1903,5,6,Other
GISTEMP,1903-04-06,-0.39,1903,4,6,Other
GISTEMP,1903-03-06,-0.23,1903,3,6,Other
GISTEMP,1903-02-06,-0.06,1903,2,6,Other
GISTEMP,1903-01-06,-0.27,1903,1,6,Other
GISTEMP,1902-12-06,-0.46,1902,12,6,Other
GISTEMP,1902-11-06,-0.36,1902,11,6,Other
GISTEMP,1902-10-06,-0.27,1902,10,6,Other
GISTEMP,1902-09-06,-0.2,1902,9,6,Other
GISTEMP,1902-08-06,-0.28,1902,8,6,Other
GISTEMP,1902-07-06,-0.26,1902,7,6,Other
GISTEMP,1902-06-06,-0.34,1902,6,6,Other
GISTEMP,1902-05-06,-0.31,1902,5,6,Other
GISTEMP,1902-04-06,-0.27,1902,4,6,Other
GISTEMP,1902-03-06,-0.29,1902,3,6,Other
GISTEMP,1902-02-06,-0.03,1902,2,6,Other
GISTEMP,1902-01-06,-0.19,1902,1,6,Other
GISTEMP,1901-12-06,-0.3,1901,12,6,Other
GISTEMP,1901-11-06,-0.17,1901,11,6,Other
GISTEMP,1901-10-06,-0.29,1901,10,6,Other
GISTEMP,1901-09-06,-0.17,1901,9,6,Other
GISTEMP,1901-08-06,-0.13,1901,8,6,Other
GISTEMP,1901-07-06,-0.09,1901,7,6,Other
GISTEMP,1901-06-06,-0.1,1901,6,6,Other
GISTEMP,1901-05-06,-0.18,1901,5,6,Other
GISTEMP,1901-04-06,-0.06,1901,4,6,Other
GISTEMP,1901-03-06,0.05,1901,3,6,Other
GISTEMP,1901-02-06,-0.05,1901,2,6,Other
GISTEMP,1901-01-06,-0.3,1901,1,6,Other
GISTEMP,1900-12-06,-0.14,1900,12,6,Other
GISTEMP,1900-11-06,-0.13,1900,11,6,Other
GISTEMP,1900-10-06,0.08,1900,10,6,Other
GISTEMP,1900-09-06,0.01,1900,9,6,Other
GISTEMP,1900-08-06,-0.04,1900,8,6,Other
GISTEMP,1900-07-06,-0.09,1900,7,6,Other
GISTEMP,1900-06-06,-0.15,1900,6,6,Other
GISTEMP,1900-05-06,-0.06,1900,5,6,Other
GISTEMP,1900-04-06,-0.14,1900,4,6,Other
GISTEMP,1900-03-06,0.02,1900,3,6,Other
GISTEMP,1900-02-06,-0.08,1900,2,6,Other
GISTEMP,1900-01-06,-0.4,1900,1,6,Other
GISTEMP,1899-12-06,-0.27,1899,12,6,Other
GISTEMP,1899-11-06,0.12,1899,11,6,Other
GISTEMP,1899-10-06,0,1899,10,6,Other
GISTEMP,1899-09-06,0,1899,9,6,Other
GISTEMP,1899-08-06,-0.04,1899,8,6,Other
GISTEMP,1899-07-06,-0.13,1899,7,6,Other
GISTEMP,1899-06-06,-0.26,1899,6,6,Other
GISTEMP,1899-05-06,-0.2,1899,5,6,Other
GISTEMP,1899-04-06,-0.21,1899,4,6,Other
GISTEMP,1899-03-06,-0.35,1899,3,6,Other
GISTEMP,1899-02-06,-0.39,1899,2,6,Other
GISTEMP,1899-01-06,-0.18,1899,1,6,Other
GISTEMP,1898-12-06,-0.22,1898,12,6,Other
GISTEMP,1898-11-06,-0.35,1898,11,6,Other
GISTEMP,1898-10-06,-0.32,1898,10,6,Other
GISTEMP,1898-09-06,-0.19,1898,9,6,Other
GISTEMP,1898-08-06,-0.22,1898,8,6,Other
GISTEMP,1898-07-06,-0.22,1898,7,6,Other
GISTEMP,1898-06-06,-0.2,1898,6,6,Other
GISTEMP,1898-05-06,-0.35,1898,5,6,Other
GISTEMP,1898-04-06,-0.33,1898,4,6,Other
GISTEMP,1898-03-06,-0.55,1898,3,6,Other
GISTEMP,1898-02-06,-0.34,1898,2,6,Other
GISTEMP,1898-01-06,-0.06,1898,1,6,Other
GISTEMP,1897-12-06,-0.26,1897,12,6,Other
GISTEMP,1897-11-06,-0.18,1897,11,6,Other
GISTEMP,1897-10-06,-0.1,1897,10,6,Other
GISTEMP,1897-09-06,-0.04,1897,9,6,Other
GISTEMP,1897-08-06,-0.03,1897,8,6,Other
GISTEMP,1897-07-06,-0.04,1897,7,6,Other
GISTEMP,1897-06-06,-0.12,1897,6,6,Other
GISTEMP,1897-05-06,0,1897,5,6,Other
GISTEMP,1897-04-06,-0.01,1897,4,6,Other
GISTEMP,1897-03-06,-0.12,1897,3,6,Other
GISTEMP,1897-02-06,-0.19,1897,2,6,Other
GISTEMP,1897-01-06,-0.22,1897,1,6,Other
GISTEMP,1896-12-06,-0.12,1896,12,6,Other
GISTEMP,1896-11-06,-0.16,1896,11,6,Other
GISTEMP,1896-10-06,0.04,1896,10,6,Other
GISTEMP,1896-09-06,-0.05,1896,9,6,Other
GISTEMP,1896-08-06,-0.09,1896,8,6,Other
GISTEMP,1896-07-06,-0.06,1896,7,6,Other
GISTEMP,1896-06-06,-0.13,1896,6,6,Other
GISTEMP,1896-05-06,-0.19,1896,5,6,Other
GISTEMP,1896-04-06,-0.33,1896,4,6,Other
GISTEMP,1896-03-06,-0.29,1896,3,6,Other
GISTEMP,1896-02-06,-0.15,1896,2,6,Other
GISTEMP,1896-01-06,-0.23,1896,1,6,Other
GISTEMP,1895-12-06,-0.12,1895,12,6,Other
GISTEMP,1895-11-06,-0.15,1895,11,6,Other
GISTEMP,1895-10-06,-0.11,1895,10,6,Other
GISTEMP,1895-09-06,-0.02,1895,9,6,Other
GISTEMP,1895-08-06,-0.16,1895,8,6,Other
GISTEMP,1895-07-06,-0.16,1895,7,6,Other
GISTEMP,1895-06-06,-0.25,1895,6,6,Other
GISTEMP,1895-05-06,-0.23,1895,5,6,Other
GISTEMP,1895-04-06,-0.23,1895,4,6,Other
GISTEMP,1895-03-06,-0.3,1895,3,6,Other
GISTEMP,1895-02-06,-0.42,1895,2,6,Other
GISTEMP,1895-01-06,-0.44,1895,1,6,Other
GISTEMP,1894-12-06,-0.22,1894,12,6,Other
GISTEMP,1894-11-06,-0.25,1894,11,6,Other
GISTEMP,1894-10-06,-0.17,1894,10,6,Other
GISTEMP,1894-09-06,-0.23,1894,9,6,Other
GISTEMP,1894-08-06,-0.29,1894,8,6,Other
GISTEMP,1894-07-06,-0.32,1894,7,6,Other
GISTEMP,1894-06-06,-0.43,1894,6,6,Other
GISTEMP,1894-05-06,-0.3,1894,5,6,Other
GISTEMP,1894-04-06,-0.41,1894,4,6,Other
GISTEMP,1894-03-06,-0.2,1894,3,6,Other
GISTEMP,1894-02-06,-0.31,1894,2,6,Other
GISTEMP,1894-01-06,-0.55,1894,1,6,Other
GISTEMP,1893-12-06,-0.38,1893,12,6,Other
GISTEMP,1893-11-06,-0.17,1893,11,6,Other
GISTEMP,1893-10-06,-0.16,1893,10,6,Other
GISTEMP,1893-09-06,-0.18,1893,9,6,Other
GISTEMP,1893-08-06,-0.24,1893,8,6,Other
GISTEMP,1893-07-06,-0.14,1893,7,6,Other
GISTEMP,1893-06-06,-0.24,1893,6,6,Other
GISTEMP,1893-05-06,-0.35,1893,5,6,Other
GISTEMP,1893-04-06,-0.32,1893,4,6,Other
GISTEMP,1893-03-06,-0.24,1893,3,6,Other
GISTEMP,1893-02-06,-0.51,1893,2,6,Other
GISTEMP,1893-01-06,-0.69,1893,1,6,Other
GISTEMP,1892-12-06,-0.29,1892,12,6,Other
GISTEMP,1892-11-06,-0.49,1892,11,6,Other
GISTEMP,1892-10-06,-0.17,1892,10,6,Other
GISTEMP,1892-09-06,-0.25,1892,9,6,Other
GISTEMP,1892-08-06,-0.2,1892,8,6,Other
GISTEMP,1892-07-06,-0.28,1892,7,6,Other
GISTEMP,1892-06-06,-0.2,1892,6,6,Other
GISTEMP,1892-05-06,-0.25,1892,5,6,Other
GISTEMP,1892-04-06,-0.35,1892,4,6,Other
GISTEMP,1892-03-06,-0.36,1892,3,6,Other
GISTEMP,1892-02-06,-0.15,1892,2,6,Other
GISTEMP,1892-01-06,-0.26,1892,1,6,Other
GISTEMP,1891-12-06,-0.03,1891,12,6,Other
GISTEMP,1891-11-06,-0.37,1891,11,6,Other
GISTEMP,1891-10-06,-0.24,1891,10,6,Other
GISTEMP,1891-09-06,-0.13,1891,9,6,Other
GISTEMP,1891-08-06,-0.21,1891,8,6,Other
GISTEMP,1891-07-06,-0.22,1891,7,6,Other
GISTEMP,1891-06-06,-0.22,1891,6,6,Other
GISTEMP,1891-05-06,-0.17,1891,5,6,Other
GISTEMP,1891-04-06,-0.25,1891,4,6,Other
GISTEMP,1891-03-06,-0.15,1891,3,6,Other
GISTEMP,1891-02-06,-0.49,1891,2,6,Other
GISTEMP,1891-01-06,-0.46,1891,1,6,Other
GISTEMP,1890-12-06,-0.3,1890,12,6,Other
GISTEMP,1890-11-06,-0.37,1890,11,6,Other
GISTEMP,1890-10-06,-0.23,1890,10,6,Other
GISTEMP,1890-09-06,-0.36,1890,9,6,Other
GISTEMP,1890-08-06,-0.36,1890,8,6,Other
GISTEMP,1890-07-06,-0.3,1890,7,6,Other
GISTEMP,1890-06-06,-0.27,1890,6,6,Other
GISTEMP,1890-05-06,-0.48,1890,5,6,Other
GISTEMP,1890-04-06,-0.38,1890,4,6,Other
GISTEMP,1890-03-06,-0.41,1890,3,6,Other
GISTEMP,1890-02-06,-0.48,1890,2,6,Other
GISTEMP,1890-01-06,-0.48,1890,1,6,Other
GISTEMP,1889-12-06,-0.31,1889,12,6,Other
GISTEMP,1889-11-06,-0.32,1889,11,6,Other
GISTEMP,1889-10-06,-0.22,1889,10,6,Other
GISTEMP,1889-09-06,-0.18,1889,9,6,Other
GISTEMP,1889-08-06,-0.18,1889,8,6,Other
GISTEMP,1889-07-06,-0.05,1889,7,6,Other
GISTEMP,1889-06-06,-0.12,1889,6,6,Other
GISTEMP,1889-05-06,-0.03,1889,5,6,Other
GISTEMP,1889-04-06,0.04,1889,4,6,Other
GISTEMP,1889-03-06,0.04,1889,3,6,Other
GISTEMP,1889-02-06,0.14,1889,2,6,Other
GISTEMP,1889-01-06,-0.21,1889,1,6,Other
GISTEMP,1888-12-06,-0.12,1888,12,6,Other
GISTEMP,1888-11-06,0,1888,11,6,Other
GISTEMP,1888-10-06,0.01,1888,10,6,Other
GISTEMP,1888-09-06,-0.07,1888,9,6,Other
GISTEMP,1888-08-06,-0.11,1888,8,6,Other
GISTEMP,1888-07-06,-0.1,1888,7,6,Other
GISTEMP,1888-06-06,-0.2,1888,6,6,Other
GISTEMP,1888-05-06,-0.22,1888,5,6,Other
GISTEMP,1888-04-06,-0.28,1888,4,6,Other
GISTEMP,1888-03-06,-0.47,1888,3,6,Other
GISTEMP,1888-02-06,-0.43,1888,2,6,Other
GISTEMP,1888-01-06,-0.43,1888,1,6,Other
GISTEMP,1887-12-06,-0.38,1887,12,6,Other
GISTEMP,1887-11-06,-0.25,1887,11,6,Other
GISTEMP,1887-10-06,-0.32,1887,10,6,Other
GISTEMP,1887-09-06,-0.19,1887,9,6,Other
GISTEMP,1887-08-06,-0.28,1887,8,6,Other
GISTEMP,1887-07-06,-0.19,1887,7,6,Other
GISTEMP,1887-06-06,-0.21,1887,6,6,Other
GISTEMP,1887-05-06,-0.33,1887,5,6,Other
GISTEMP,1887-04-06,-0.37,1887,4,6,Other
GISTEMP,1887-03-06,-0.32,1887,3,6,Other
GISTEMP,1887-02-06,-0.48,1887,2,6,Other
GISTEMP,1887-01-06,-0.66,1887,1,6,Other
GISTEMP,1886-12-06,-0.25,1886,12,6,Other
GISTEMP,1886-11-06,-0.26,1886,11,6,Other
GISTEMP,1886-10-06,-0.25,1886,10,6,Other
GISTEMP,1886-09-06,-0.19,1886,9,6,Other
GISTEMP,1886-08-06,-0.31,1886,8,6,Other
GISTEMP,1886-07-06,-0.16,1886,7,6,Other
GISTEMP,1886-06-06,-0.39,1886,6,6,Other
GISTEMP,1886-05-06,-0.27,1886,5,6,Other
GISTEMP,1886-04-06,-0.29,1886,4,6,Other
GISTEMP,1886-03-06,-0.41,1886,3,6,Other
GISTEMP,1886-02-06,-0.46,1886,2,6,Other
GISTEMP,1886-01-06,-0.43,1886,1,6,Other
GISTEMP,1885-12-06,-0.07,1885,12,6,Other
GISTEMP,1885-11-06,-0.22,1885,11,6,Other
GISTEMP,1885-10-06,-0.2,1885,10,6,Other
GISTEMP,1885-09-06,-0.19,1885,9,6,Other
GISTEMP,1885-08-06,-0.27,1885,8,6,Other
GISTEMP,1885-07-06,-0.29,1885,7,6,Other
GISTEMP,1885-06-06,-0.5,1885,6,6,Other
GISTEMP,1885-05-06,-0.42,1885,5,6,Other
GISTEMP,1885-04-06,-0.45,1885,4,6,Other
GISTEMP,1885-03-06,-0.24,1885,3,6,Other
GISTEMP,1885-02-06,-0.3,1885,2,6,Other
GISTEMP,1885-01-06,-0.66,1885,1,6,Other
GISTEMP,1884-12-06,-0.3,1884,12,6,Other
GISTEMP,1884-11-06,-0.3,1884,11,6,Other
GISTEMP,1884-10-06,-0.22,1884,10,6,Other
GISTEMP,1884-09-06,-0.24,1884,9,6,Other
GISTEMP,1884-08-06,-0.27,1884,8,6,Other
GISTEMP,1884-07-06,-0.35,1884,7,6,Other
GISTEMP,1884-06-06,-0.38,1884,6,6,Other
GISTEMP,1884-05-06,-0.32,1884,5,6,Other
GISTEMP,1884-04-06,-0.36,1884,4,6,Other
GISTEMP,1884-03-06,-0.36,1884,3,6,Other
GISTEMP,1884-02-06,-0.13,1884,2,6,Other
GISTEMP,1884-01-06,-0.18,1884,1,6,Other
GISTEMP,1883-12-06,-0.19,1883,12,6,Other
GISTEMP,1883-11-06,-0.21,1883,11,6,Other
GISTEMP,1883-10-06,-0.12,1883,10,6,Other
GISTEMP,1883-09-06,-0.19,1883,9,6,Other
GISTEMP,1883-08-06,-0.14,1883,8,6,Other
GISTEMP,1883-07-06,-0.09,1883,7,6,Other
GISTEMP,1883-06-06,-0.13,1883,6,6,Other
GISTEMP,1883-05-06,-0.26,1883,5,6,Other
GISTEMP,1883-04-06,-0.25,1883,4,6,Other
GISTEMP,1883-03-06,-0.18,1883,3,6,Other
GISTEMP,1883-02-06,-0.42,1883,2,6,Other
GISTEMP,1883-01-06,-0.34,1883,1,6,Other
GISTEMP,1882-12-06,-0.25,1882,12,6,Other
GISTEMP,1882-11-06,-0.21,1882,11,6,Other
GISTEMP,1882-10-06,-0.23,1882,10,6,Other
GISTEMP,1882-09-06,-0.01,1882,9,6,Other
GISTEMP,1882-08-06,0.03,1882,8,6,Other
GISTEMP,1882-07-06,-0.11,1882,7,6,Other
GISTEMP,1882-06-06,-0.25,1882,6,6,Other
GISTEMP,1882-05-06,-0.18,1882,5,6,Other
GISTEMP,1882-04-06,-0.2,1882,4,6,Other
GISTEMP,1882-03-06,0.01,1882,3,6,Other
GISTEMP,1882-02-06,0.08,1882,2,6,Other
GISTEMP,1882-01-06,0.09,1882,1,6,Other
GISTEMP,1881-12-06,-0.16,1881,12,6,Other
GISTEMP,1881-11-06,-0.26,1881,11,6,Other
GISTEMP,1881-10-06,-0.2,1881,10,6,Other
GISTEMP,1881-09-06,-0.09,1881,9,6,Other
GISTEMP,1881-08-06,-0.03,1881,8,6,Other
GISTEMP,1881-07-06,-0.07,1881,7,6,Other
GISTEMP,1881-06-06,-0.28,1881,6,6,Other
GISTEMP,1881-05-06,-0.04,1881,5,6,Other
GISTEMP,1881-04-06,-0.03,1881,4,6,Other
GISTEMP,1881-03-06,0.01,1881,3,6,Other
GISTEMP,1881-02-06,-0.14,1881,2,6,Other
GISTEMP,1881-01-06,-0.1,1881,1,6,Other
GISTEMP,1880-12-06,-0.22,1880,12,6,Other
GISTEMP,1880-11-06,-0.19,1880,11,6,Other
GISTEMP,1880-10-06,-0.16,1880,10,6,Other
GISTEMP,1880-09-06,-0.17,1880,9,6,Other
GISTEMP,1880-08-06,-0.08,1880,8,6,Other
GISTEMP,1880-07-06,-0.24,1880,7,6,Other
GISTEMP,1880-06-06,-0.29,1880,6,6,Other
GISTEMP,1880-05-06,-0.14,1880,5,6,Other
GISTEMP,1880-04-06,-0.27,1880,4,6,Other
GISTEMP,1880-03-06,-0.18,1880,3,6,Other
GISTEMP,1880-02-06,-0.21,1880,2,6,Other
GISTEMP,1880-01-06,-0.3,1880,1,6,Other
